{
  "type": "FeatureCollection",
  "features": [
    {
      "type": "Feature",
      "geometry": {
        "type": "Point",
        "coordinates": [
          17.880555555556,
          52.801944444444
        ]
      },
      "properties": {
        "id": "AP_ANNOWO",
        "name": "ANNOWO",
        "icao": "",
        "type": "licensed"
      }
    },
    {
      "type": "Feature",
      "geometry": {
        "type": "Point",
        "coordinates": [
          20.481666666667,
          52.121944444444
        ]
      },
      "properties": {
        "id": "AP_BARANÓW",
        "name": "BARANÓW",
        "icao": "",
        "type": "licensed"
      }
    },
    {
      "type": "Feature",
      "geometry": {
        "type": "Point",
        "coordinates": [
          22.4075,
          49.513333
        ]
      },
      "properties": {
        "id": "AP_BEZMIECHOWA",
        "name": "BEZMIECHOWA",
        "icao": "",
        "type": "licensed"
      }
    },
    {
      "type": "Feature",
      "geometry": {
        "type": "Point",
        "coordinates": [
          23.228888888889,
          53.405555555556
        ]
      },
      "properties": {
        "id": "AP_BIAŁOUSY",
        "name": "BIAŁOUSY",
        "icao": "",
        "type": "licensed"
      }
    },
    {
      "type": "Feature",
      "geometry": {
        "type": "Point",
        "coordinates": [
          19.257166666666667,
          51.9455
        ]
      },
      "properties": {
        "id": "AP_BIBIANÓW",
        "name": "BIBIANÓW",
        "icao": "",
        "type": "landing_strip"
      }
    },
    {
      "type": "Feature",
      "geometry": {
        "type": "Point",
        "coordinates": [
          20.03155,
          52.06583333333333
        ]
      },
      "properties": {
        "id": "AP_BOBROWNIKI",
        "name": "BOBROWNIKI",
        "icao": "",
        "type": "landing_strip"
      }
    },
    {
      "type": "Feature",
      "geometry": {
        "type": "Point",
        "coordinates": [
          21.566389,
          52.995833
        ]
      },
      "properties": {
        "id": "AP_BORAWE",
        "name": "BORAWE",
        "icao": "",
        "type": "licensed"
      }
    },
    {
      "type": "Feature",
      "geometry": {
        "type": "Point",
        "coordinates": [
          16.526944,
          53.576111
        ]
      },
      "properties": {
        "id": "AP_BORNE_SULINOWO",
        "name": "BORNE SULINOWO",
        "icao": "",
        "type": "licensed"
      }
    },
    {
      "type": "Feature",
      "geometry": {
        "type": "Point",
        "coordinates": [
          18.915466666666667,
          50.68058333333333
        ]
      },
      "properties": {
        "id": "AP_BORONÓW",
        "name": "BORONÓW",
        "icao": "",
        "type": "landing_strip"
      }
    },
    {
      "type": "Feature",
      "geometry": {
        "type": "Point",
        "coordinates": [
          21.834722222222,
          54.074722222222
        ]
      },
      "properties": {
        "id": "AP_BOŻYKOWO",
        "name": "BOŻYKOWO",
        "icao": "",
        "type": "ultralight"
      }
    },
    {
      "type": "Feature",
      "geometry": {
        "type": "Point",
        "coordinates": [
          23.133055555556,
          53.360277777778
        ]
      },
      "properties": {
        "id": "AP_BRODY",
        "name": "BRODY",
        "icao": "",
        "type": "ultralight"
      }
    },
    {
      "type": "Feature",
      "geometry": {
        "type": "Point",
        "coordinates": [
          19.329166666666666,
          51.84803333333333
        ]
      },
      "properties": {
        "id": "AP_BRUŻYCZKA_MAŁA",
        "name": "BRUŻYCZKA MAŁA",
        "icao": "",
        "type": "landing_strip"
      }
    },
    {
      "type": "Feature",
      "geometry": {
        "type": "Point",
        "coordinates": [
          19.738383333333335,
          51.80855
        ]
      },
      "properties": {
        "id": "AP_BRZEZINY",
        "name": "BRZEZINY",
        "icao": "",
        "type": "landing_strip"
      }
    },
    {
      "type": "Feature",
      "geometry": {
        "type": "Point",
        "coordinates": [
          16.111944,
          52.678611
        ]
      },
      "properties": {
        "id": "AP_BUCHARZEWO",
        "name": "BUCHARZEWO",
        "icao": "",
        "type": "licensed"
      }
    },
    {
      "type": "Feature",
      "geometry": {
        "type": "Point",
        "coordinates": [
          22.116389,
          53.223056
        ]
      },
      "properties": {
        "id": "AP_BUDY_CZARNOCKIE",
        "name": "BUDY CZARNOCKIE",
        "icao": "",
        "type": "licensed"
      }
    },
    {
      "type": "Feature",
      "geometry": {
        "type": "Point",
        "coordinates": [
          15.423383333333334,
          51.60633333333333
        ]
      },
      "properties": {
        "id": "AP_BUKOWINA_BOBRZAŃSKA",
        "name": "BUKOWINA BOBRZAŃSKA",
        "icao": "",
        "type": "ultralight"
      }
    },
    {
      "type": "Feature",
      "geometry": {
        "type": "Point",
        "coordinates": [
          19.346,
          51.63783333333333
        ]
      },
      "properties": {
        "id": "AP_BYCHLEW",
        "name": "BYCHLEW",
        "icao": "",
        "type": "ultralight"
      }
    },
    {
      "type": "Feature",
      "geometry": {
        "type": "Point",
        "coordinates": [
          16.646111111111,
          50.308611111111
        ]
      },
      "properties": {
        "id": "AP_BYSTRZYCA_KŁODZKA",
        "name": "BYSTRZYCA KŁODZKA",
        "icao": "",
        "type": "licensed"
      }
    },
    {
      "type": "Feature",
      "geometry": {
        "type": "Point",
        "coordinates": [
          20.500278,
          50.092778
        ]
      },
      "properties": {
        "id": "AP_CEREKIEW",
        "name": "CEREKIEW",
        "icao": "",
        "type": "ultralight"
      }
    },
    {
      "type": "Feature",
      "geometry": {
        "type": "Point",
        "coordinates": [
          16.033611111111,
          52.586111111111
        ]
      },
      "properties": {
        "id": "AP_CHALIN",
        "name": "CHALIN",
        "icao": "",
        "type": "licensed"
      }
    },
    {
      "type": "Feature",
      "geometry": {
        "type": "Point",
        "coordinates": [
          18.642222,
          53.158889
        ]
      },
      "properties": {
        "id": "AP_CHEŁMŻA-KUCZWAŁY",
        "name": "CHEŁMŻA-KUCZWAŁY",
        "icao": "",
        "type": "licensed"
      }
    },
    {
      "type": "Feature",
      "geometry": {
        "type": "Point",
        "coordinates": [
          19.46075,
          53.67045
        ]
      },
      "properties": {
        "id": "AP_CHEŁMŻYCA",
        "name": "CHEŁMŻYCA",
        "icao": "",
        "type": "landing_strip"
      }
    },
    {
      "type": "Feature",
      "geometry": {
        "type": "Point",
        "coordinates": [
          21.406667,
          52.250278
        ]
      },
      "properties": {
        "id": "AP_CHOBOT",
        "name": "CHOBOT",
        "icao": "",
        "type": "licensed"
      }
    },
    {
      "type": "Feature",
      "geometry": {
        "type": "Point",
        "coordinates": [
          15.918033333333334,
          51.4278
        ]
      },
      "properties": {
        "id": "AP_CHOCIANÓW",
        "name": "CHOCIANÓW",
        "icao": "",
        "type": "landing_strip"
      }
    },
    {
      "type": "Feature",
      "geometry": {
        "type": "Point",
        "coordinates": [
          14.430833333333,
          52.939444444444
        ]
      },
      "properties": {
        "id": "AP_CHOJNA",
        "name": "CHOJNA",
        "icao": "",
        "type": "licensed"
      }
    },
    {
      "type": "Feature",
      "geometry": {
        "type": "Point",
        "coordinates": [
          17.533133333333332,
          53.68033333333333
        ]
      },
      "properties": {
        "id": "AP_CHOJNICE",
        "name": "CHOJNICE",
        "icao": "",
        "type": "ultralight"
      }
    },
    {
      "type": "Feature",
      "geometry": {
        "type": "Point",
        "coordinates": [
          22.377383333333334,
          52.10913333333333
        ]
      },
      "properties": {
        "id": "AP_CHROMNA",
        "name": "CHROMNA",
        "icao": "",
        "type": "landing_strip"
      }
    },
    {
      "type": "Feature",
      "geometry": {
        "type": "Point",
        "coordinates": [
          21.896116666666668,
          50.76591666666667
        ]
      },
      "properties": {
        "id": "AP_CHWAŁOWICE",
        "name": "CHWAŁOWICE",
        "icao": "",
        "type": "landing_strip"
      }
    },
    {
      "type": "Feature",
      "geometry": {
        "type": "Point",
        "coordinates": [
          20.278333333333,
          52.700277777778
        ]
      },
      "properties": {
        "id": "AP_CIESZKOWO",
        "name": "CIESZKOWO",
        "icao": "",
        "type": "licensed"
      }
    },
    {
      "type": "Feature",
      "geometry": {
        "type": "Point",
        "coordinates": [
          18.631111111111,
          53.676388888889
        ]
      },
      "properties": {
        "id": "AP_CINEK_KAMIONKA-NOWE",
        "name": "CINEK KAMIONKA-NOWE",
        "icao": "",
        "type": "licensed"
      }
    },
    {
      "type": "Feature",
      "geometry": {
        "type": "Point",
        "coordinates": [
          16.283333,
          53.519722
        ]
      },
      "properties": {
        "id": "AP_CZAPLINEK-BROCZYNO",
        "name": "CZAPLINEK-BROCZYNO",
        "icao": "",
        "type": "licensed"
      }
    },
    {
      "type": "Feature",
      "geometry": {
        "type": "Point",
        "coordinates": [
          18.216666666667,
          53.213055555556
        ]
      },
      "properties": {
        "id": "AP_CZARZE-RAFA",
        "name": "CZARZE-RAFA",
        "icao": "",
        "type": "licensed"
      }
    },
    {
      "type": "Feature",
      "geometry": {
        "type": "Point",
        "coordinates": [
          20.15425,
          50.212383333333335
        ]
      },
      "properties": {
        "id": "AP_CZECHY",
        "name": "CZECHY",
        "icao": "",
        "type": "landing_strip"
      }
    },
    {
      "type": "Feature",
      "geometry": {
        "type": "Point",
        "coordinates": [
          18.485278,
          53.576111
        ]
      },
      "properties": {
        "id": "AP_CZERSK_ŚWIECKI",
        "name": "CZERSK ŚWIECKI",
        "icao": "",
        "type": "licensed"
      }
    },
    {
      "type": "Feature",
      "geometry": {
        "type": "Point",
        "coordinates": [
          19.049366666666668,
          50.7825
        ]
      },
      "properties": {
        "id": "AP_CZĘSTOCHOWA-KAWODRZA",
        "name": "CZĘSTOCHOWA-KAWODRZA",
        "icao": "",
        "type": "landing_strip"
      }
    },
    {
      "type": "Feature",
      "geometry": {
        "type": "Point",
        "coordinates": [
          15.919722222222,
          51.879166666667
        ]
      },
      "properties": {
        "id": "AP_DABROWNO",
        "name": "DABROWNO",
        "icao": "",
        "type": "ultralight"
      }
    },
    {
      "type": "Feature",
      "geometry": {
        "type": "Point",
        "coordinates": [
          20.193333,
          52.215278
        ]
      },
      "properties": {
        "id": "AP_DACHOWA",
        "name": "DACHOWA",
        "icao": "",
        "type": "other"
      }
    },
    {
      "type": "Feature",
      "geometry": {
        "type": "Point",
        "coordinates": [
          21.59394288238678,
          54.02078818969325
        ]
      },
      "properties": {
        "id": "AP_DEJGUNY",
        "name": "DEJGUNY",
        "icao": "",
        "type": "landing_strip"
      }
    },
    {
      "type": "Feature",
      "geometry": {
        "type": "Point",
        "coordinates": [
          19.77855,
          51.93808333333333
        ]
      },
      "properties": {
        "id": "AP_DMOSIN",
        "name": "DMOSIN",
        "icao": "",
        "type": "landing_strip"
      }
    },
    {
      "type": "Feature",
      "geometry": {
        "type": "Point",
        "coordinates": [
          20.574033333333333,
          50.22441666666667
        ]
      },
      "properties": {
        "id": "AP_DOBIESŁAWICE",
        "name": "DOBIESŁAWICE",
        "icao": "",
        "type": "landing_strip"
      }
    },
    {
      "type": "Feature",
      "geometry": {
        "type": "Point",
        "coordinates": [
          18.167222,
          54.486667
        ]
      },
      "properties": {
        "id": "AP_DONIMIERZ",
        "name": "DONIMIERZ",
        "icao": "",
        "type": "licensed"
      }
    },
    {
      "type": "Feature",
      "geometry": {
        "type": "Point",
        "coordinates": [
          16.185555555556,
          53.615
        ]
      },
      "properties": {
        "id": "AP_DRAHIMEK",
        "name": "DRAHIMEK",
        "icao": "",
        "type": "licensed"
      }
    },
    {
      "type": "Feature",
      "geometry": {
        "type": "Point",
        "coordinates": [
          20.771616666666667,
          51.716
        ]
      },
      "properties": {
        "id": "AP_DYLEW",
        "name": "DYLEW",
        "icao": "",
        "type": "landing_strip"
      }
    },
    {
      "type": "Feature",
      "geometry": {
        "type": "Point",
        "coordinates": [
          17.476944444444,
          52.603888888889
        ]
      },
      "properties": {
        "id": "AP_DZIAŁYŃ",
        "name": "DZIAŁYŃ",
        "icao": "",
        "type": "licensed"
      }
    },
    {
      "type": "Feature",
      "geometry": {
        "type": "Point",
        "coordinates": [
          19.648216666666666,
          50.51075
        ]
      },
      "properties": {
        "id": "AP_DZWONO-SIERBOWICE",
        "name": "DZWONO-SIERBOWICE",
        "icao": "",
        "type": "landing_strip"
      }
    },
    {
      "type": "Feature",
      "geometry": {
        "type": "Point",
        "coordinates": [
          16.66,
          51.81875
        ]
      },
      "properties": {
        "id": "AP_DĄBCZE",
        "name": "DĄBCZE",
        "icao": "",
        "type": "ultralight"
      }
    },
    {
      "type": "Feature",
      "geometry": {
        "type": "Point",
        "coordinates": [
          19.309366666666666,
          50.35
        ]
      },
      "properties": {
        "id": "AP_DĄBROWA_GÓRNICZA-ŁOSIEŃ",
        "name": "DĄBROWA GÓRNICZA-ŁOSIEŃ",
        "icao": "",
        "type": "landing_strip"
      }
    },
    {
      "type": "Feature",
      "geometry": {
        "type": "Point",
        "coordinates": [
          14.629166666667,
          52.72
        ]
      },
      "properties": {
        "id": "AP_DĘBNO-DARGOMYŚL",
        "name": "DĘBNO-DARGOMYŚL",
        "icao": "",
        "type": "licensed"
      }
    },
    {
      "type": "Feature",
      "geometry": {
        "type": "Point",
        "coordinates": [
          16.498283333333333,
          51.68958333333333
        ]
      },
      "properties": {
        "id": "AP_FLYTEAM_GÓRA",
        "name": "FLYTEAM GÓRA",
        "icao": "",
        "type": "landing_strip"
      }
    },
    {
      "type": "Feature",
      "geometry": {
        "type": "Point",
        "coordinates": [
          18.862222222222,
          53.790555555556
        ]
      },
      "properties": {
        "id": "AP_GNIEWSKIE_POLE",
        "name": "GNIEWSKIE POLE",
        "icao": "",
        "type": "licensed"
      }
    },
    {
      "type": "Feature",
      "geometry": {
        "type": "Point",
        "coordinates": [
          18.941944,
          49.952222
        ]
      },
      "properties": {
        "id": "AP_GOCZAŁKOWICE",
        "name": "GOCZAŁKOWICE",
        "icao": "",
        "type": "licensed"
      }
    },
    {
      "type": "Feature",
      "geometry": {
        "type": "Point",
        "coordinates": [
          16.921388888889,
          51.262777777778
        ]
      },
      "properties": {
        "id": "AP_GOLĘDZINÓW",
        "name": "GOLĘDZINÓW",
        "icao": "",
        "type": "licensed"
      }
    },
    {
      "type": "Feature",
      "geometry": {
        "type": "Point",
        "coordinates": [
          18.680555555556,
          53.111722222222
        ]
      },
      "properties": {
        "id": "AP_GOSTKOWO",
        "name": "GOSTKOWO",
        "icao": "",
        "type": "ultralight"
      }
    },
    {
      "type": "Feature",
      "geometry": {
        "type": "Point",
        "coordinates": [
          15.105833333333,
          51.460555555556
        ]
      },
      "properties": {
        "id": "AP_GOZDNICA",
        "name": "GOZDNICA",
        "icao": "",
        "type": "ultralight"
      }
    },
    {
      "type": "Feature",
      "geometry": {
        "type": "Point",
        "coordinates": [
          15.270278,
          51.901389
        ]
      },
      "properties": {
        "id": "AP_GRABOWIEC",
        "name": "GRABOWIEC",
        "icao": "",
        "type": "ultralight"
      }
    },
    {
      "type": "Feature",
      "geometry": {
        "type": "Point",
        "coordinates": [
          20.936388888889,
          51.850555555556
        ]
      },
      "properties": {
        "id": "AP_GRÓJEC-SŁOMCZYN",
        "name": "GRÓJEC-SŁOMCZYN",
        "icao": "",
        "type": "licensed"
      }
    },
    {
      "type": "Feature",
      "geometry": {
        "type": "Point",
        "coordinates": [
          21.511111,
          52.117778
        ]
      },
      "properties": {
        "id": "AP_GRĘBISZEW",
        "name": "GRĘBISZEW",
        "icao": "",
        "type": "ultralight"
      }
    },
    {
      "type": "Feature",
      "geometry": {
        "type": "Point",
        "coordinates": [
          21.289722222222,
          50.3725
        ]
      },
      "properties": {
        "id": "AP_GÓRKI",
        "name": "GÓRKI",
        "icao": "",
        "type": "licensed"
      }
    },
    {
      "type": "Feature",
      "geometry": {
        "type": "Point",
        "coordinates": [
          20.494444,
          54.275
        ]
      },
      "properties": {
        "id": "AP_GÓROWO_IŁAWIECKIE",
        "name": "GÓROWO IŁAWIECKIE",
        "icao": "",
        "type": "licensed"
      }
    },
    {
      "type": "Feature",
      "geometry": {
        "type": "Point",
        "coordinates": [
          16.129444444444,
          52.902222222222
        ]
      },
      "properties": {
        "id": "AP_HERBURTOWO",
        "name": "HERBURTOWO",
        "icao": "",
        "type": "licensed"
      }
    },
    {
      "type": "Feature",
      "geometry": {
        "type": "Point",
        "coordinates": [
          19.711389,
          50.6225
        ]
      },
      "properties": {
        "id": "AP_IRZĄDZE",
        "name": "IRZĄDZE",
        "icao": "",
        "type": "landing_strip"
      }
    },
    {
      "type": "Feature",
      "geometry": {
        "type": "Point",
        "coordinates": [
          20.527166666666666,
          52.12233333333333
        ]
      },
      "properties": {
        "id": "AP_IZDEBNO_KOŚCIELNE",
        "name": "IZDEBNO KOŚCIELNE",
        "icao": "",
        "type": "landing_strip"
      }
    },
    {
      "type": "Feature",
      "geometry": {
        "type": "Point",
        "coordinates": [
          16.606666666667,
          52.692777777778
        ]
      },
      "properties": {
        "id": "AP_JARYSZEWO",
        "name": "JARYSZEWO",
        "icao": "",
        "type": "licensed"
      }
    },
    {
      "type": "Feature",
      "geometry": {
        "type": "Point",
        "coordinates": [
          20.812,
          49.71646666666667
        ]
      },
      "properties": {
        "id": "AP_JASIENNA",
        "name": "JASIENNA",
        "icao": "",
        "type": "landing_strip"
      }
    },
    {
      "type": "Feature",
      "geometry": {
        "type": "Point",
        "coordinates": [
          18.643889,
          54.710833
        ]
      },
      "properties": {
        "id": "AP_JASTARNIA",
        "name": "JASTARNIA",
        "icao": "",
        "type": "licensed"
      }
    },
    {
      "type": "Feature",
      "geometry": {
        "type": "Point",
        "coordinates": [
          21.511666666667,
          49.752777777778
        ]
      },
      "properties": {
        "id": "AP_JASŁO",
        "name": "JASŁO",
        "icao": "",
        "type": "licensed"
      }
    },
    {
      "type": "Feature",
      "geometry": {
        "type": "Point",
        "coordinates": [
          15.711866666666667,
          53.31158333333333
        ]
      },
      "properties": {
        "id": "AP_JAWORZE",
        "name": "JAWORZE",
        "icao": "",
        "type": "landing_strip"
      }
    },
    {
      "type": "Feature",
      "geometry": {
        "type": "Point",
        "coordinates": [
          20.257222,
          50.634444
        ]
      },
      "properties": {
        "id": "AP_JEDRZEJÓW",
        "name": "JEDRZEJÓW",
        "icao": "",
        "type": "licensed"
      }
    },
    {
      "type": "Feature",
      "geometry": {
        "type": "Point",
        "coordinates": [
          22.14715483197013,
          53.215449625283405
        ]
      },
      "properties": {
        "id": "AP_JEZIORKO_ŁOMŻA",
        "name": "JEZIORKO ŁOMŻA",
        "icao": "",
        "type": "landing_strip"
      }
    },
    {
      "type": "Feature",
      "geometry": {
        "type": "Point",
        "coordinates": [
          17.109883333333332,
          50.69095
        ]
      },
      "properties": {
        "id": "AP_KACZOWICE",
        "name": "KACZOWICE",
        "icao": "",
        "type": "landing_strip"
      }
    },
    {
      "type": "Feature",
      "geometry": {
        "type": "Point",
        "coordinates": [
          15.166388888889,
          51.657777777778
        ]
      },
      "properties": {
        "id": "AP_KADŁUBIA",
        "name": "KADŁUBIA",
        "icao": "",
        "type": "ultralight"
      }
    },
    {
      "type": "Feature",
      "geometry": {
        "type": "Point",
        "coordinates": [
          16.02,
          52.48
        ]
      },
      "properties": {
        "id": "AP_KALISKA",
        "name": "KALISKA",
        "icao": "",
        "type": "other"
      }
    },
    {
      "type": "Feature",
      "geometry": {
        "type": "Point",
        "coordinates": [
          17.958333333333332,
          54.26555
        ]
      },
      "properties": {
        "id": "AP_KAMIENICA_SZLACHECKA",
        "name": "KAMIENICA SZLACHECKA",
        "icao": "",
        "type": "landing_strip"
      }
    },
    {
      "type": "Feature",
      "geometry": {
        "type": "Point",
        "coordinates": [
          19.420556,
          51.225556
        ]
      },
      "properties": {
        "id": "AP_KAMIEŃSK",
        "name": "KAMIEŃSK",
        "icao": "",
        "type": "other"
      }
    },
    {
      "type": "Feature",
      "geometry": {
        "type": "Point",
        "coordinates": [
          15.946388888889,
          52.553055555556
        ]
      },
      "properties": {
        "id": "AP_KAMIONNA",
        "name": "KAMIONNA",
        "icao": "",
        "type": "ultralight"
      }
    },
    {
      "type": "Feature",
      "geometry": {
        "type": "Point",
        "coordinates": [
          18.998611,
          50.894444
        ]
      },
      "properties": {
        "id": "AP_KAMYK",
        "name": "KAMYK",
        "icao": "",
        "type": "licensed"
      }
    },
    {
      "type": "Feature",
      "geometry": {
        "type": "Point",
        "coordinates": [
          21.22745,
          52.080416666666665
        ]
      },
      "properties": {
        "id": "AP_KARCZEW",
        "name": "KARCZEW",
        "icao": "",
        "type": "landing_strip"
      }
    },
    {
      "type": "Feature",
      "geometry": {
        "type": "Point",
        "coordinates": [
          17.686111,
          51.827778
        ]
      },
      "properties": {
        "id": "AP_KARMINEK",
        "name": "KARMINEK",
        "icao": "",
        "type": "licensed"
      }
    },
    {
      "type": "Feature",
      "geometry": {
        "type": "Point",
        "coordinates": [
          20.220783333333333,
          51.8823
        ]
      },
      "properties": {
        "id": "AP_KAWĘCZYN",
        "name": "KAWĘCZYN",
        "icao": "",
        "type": "landing_strip"
      }
    },
    {
      "type": "Feature",
      "geometry": {
        "type": "Point",
        "coordinates": [
          20.5407,
          50.2608
        ]
      },
      "properties": {
        "id": "AP_KAZIMIERZA_MAŁA",
        "name": "KAZIMIERZA MAŁA",
        "icao": "",
        "type": "landing_strip"
      }
    },
    {
      "type": "Feature",
      "geometry": {
        "type": "Point",
        "coordinates": [
          18.525,
          54.209722
        ]
      },
      "properties": {
        "id": "AP_KLESZCZEWO",
        "name": "KLESZCZEWO",
        "icao": "",
        "type": "licensed"
      }
    },
    {
      "type": "Feature",
      "geometry": {
        "type": "Point",
        "coordinates": [
          16.70167,
          50.47194
        ]
      },
      "properties": {
        "id": "AP_KLODZKO",
        "name": "KLODZKO",
        "icao": "",
        "type": "landing_strip"
      }
    },
    {
      "type": "Feature",
      "geometry": {
        "type": "Point",
        "coordinates": [
          14.966388888889,
          53.280833333333
        ]
      },
      "properties": {
        "id": "AP_KLUCZEWO",
        "name": "KLUCZEWO",
        "icao": "",
        "type": "other"
      }
    },
    {
      "type": "Feature",
      "geometry": {
        "type": "Point",
        "coordinates": [
          21.272966666666665,
          53.576
        ]
      },
      "properties": {
        "id": "AP_KOLONIA",
        "name": "KOLONIA",
        "icao": "",
        "type": "landing_strip"
      }
    },
    {
      "type": "Feature",
      "geometry": {
        "type": "Point",
        "coordinates": [
          23.617583333333332,
          53.332883333333335
        ]
      },
      "properties": {
        "id": "AP_KOLONIA_SŁOJA",
        "name": "KOLONIA SŁOJA",
        "icao": "",
        "type": "landing_strip"
      }
    },
    {
      "type": "Feature",
      "geometry": {
        "type": "Point",
        "coordinates": [
          20.277416666666667,
          52.287416666666665
        ]
      },
      "properties": {
        "id": "AP_KONARY",
        "name": "KONARY",
        "icao": "",
        "type": "landing_strip"
      }
    },
    {
      "type": "Feature",
      "geometry": {
        "type": "Point",
        "coordinates": [
          19.008333333333333,
          50.7397
        ]
      },
      "properties": {
        "id": "AP_KONOPISKA",
        "name": "KONOPISKA",
        "icao": "",
        "type": "landing_strip"
      }
    },
    {
      "type": "Feature",
      "geometry": {
        "type": "Point",
        "coordinates": [
          20.507778,
          52.988611
        ]
      },
      "properties": {
        "id": "AP_KONOPKI",
        "name": "KONOPKI",
        "icao": "",
        "type": "licensed"
      }
    },
    {
      "type": "Feature",
      "geometry": {
        "type": "Point",
        "coordinates": [
          21.187777777778,
          52.076111111111
        ]
      },
      "properties": {
        "id": "AP_KONSTANCIN-JEZIORNA",
        "name": "KONSTANCIN-JEZIORNA",
        "icao": "",
        "type": "licensed"
      }
    },
    {
      "type": "Feature",
      "geometry": {
        "type": "Point",
        "coordinates": [
          16.263611111111,
          54.042222222222
        ]
      },
      "properties": {
        "id": "AP_KOSZALIN_/_ZEGRZE_POMORSKIE",
        "name": "KOSZALIN / ZEGRZE POMORSKIE",
        "icao": "",
        "type": "other"
      }
    },
    {
      "type": "Feature",
      "geometry": {
        "type": "Point",
        "coordinates": [
          21.428611111111,
          52.055277777778
        ]
      },
      "properties": {
        "id": "AP_KOŁBIEL-SKORUPY",
        "name": "KOŁBIEL-SKORUPY",
        "icao": "",
        "type": "licensed"
      }
    },
    {
      "type": "Feature",
      "geometry": {
        "type": "Point",
        "coordinates": [
          18.6953,
          52.175133333333335
        ]
      },
      "properties": {
        "id": "AP_KOŁO",
        "name": "KOŁO",
        "icao": "",
        "type": "landing_strip"
      }
    },
    {
      "type": "Feature",
      "geometry": {
        "type": "Point",
        "coordinates": [
          19.004783333333332,
          54.0647
        ]
      },
      "properties": {
        "id": "AP_KOŚCIELECZKI",
        "name": "KOŚCIELECZKI",
        "icao": "",
        "type": "ultralight"
      }
    },
    {
      "type": "Feature",
      "geometry": {
        "type": "Point",
        "coordinates": [
          19.081666666667,
          53.963055555556
        ]
      },
      "properties": {
        "id": "AP_KOŚLINKA",
        "name": "KOŚLINKA",
        "icao": "",
        "type": "ultralight"
      }
    },
    {
      "type": "Feature",
      "geometry": {
        "type": "Point",
        "coordinates": [
          16.751944444444,
          53.250555555556
        ]
      },
      "properties": {
        "id": "AP_KREPSKO",
        "name": "KREPSKO",
        "icao": "",
        "type": "licensed"
      }
    },
    {
      "type": "Feature",
      "geometry": {
        "type": "Point",
        "coordinates": [
          19.151283333333332,
          52.25555
        ]
      },
      "properties": {
        "id": "AP_KROŚNIEWICE",
        "name": "KROŚNIEWICE",
        "icao": "",
        "type": "licensed"
      }
    },
    {
      "type": "Feature",
      "geometry": {
        "type": "Point",
        "coordinates": [
          16.4572,
          52.83428333333333
        ]
      },
      "properties": {
        "id": "AP_KRUTECZEK",
        "name": "KRUTECZEK",
        "icao": "",
        "type": "landing_strip"
      }
    },
    {
      "type": "Feature",
      "geometry": {
        "type": "Point",
        "coordinates": [
          23.045,
          53.231111111111
        ]
      },
      "properties": {
        "id": "AP_KRYNICE_KOLONIA",
        "name": "KRYNICE KOLONIA",
        "icao": "",
        "type": "licensed"
      }
    },
    {
      "type": "Feature",
      "geometry": {
        "type": "Point",
        "coordinates": [
          14.995278,
          52.599722
        ]
      },
      "properties": {
        "id": "AP_KRZESZYCE",
        "name": "KRZESZYCE",
        "icao": "",
        "type": "licensed"
      }
    },
    {
      "type": "Feature",
      "geometry": {
        "type": "Point",
        "coordinates": [
          15.727222,
          51.310278
        ]
      },
      "properties": {
        "id": "AP_KRZYWA",
        "name": "KRZYWA",
        "icao": "",
        "type": "licensed"
      }
    },
    {
      "type": "Feature",
      "geometry": {
        "type": "Point",
        "coordinates": [
          18.425,
          53.512778
        ]
      },
      "properties": {
        "id": "AP_KRĄPLEWICE",
        "name": "KRĄPLEWICE",
        "icao": "",
        "type": "licensed"
      }
    },
    {
      "type": "Feature",
      "geometry": {
        "type": "Point",
        "coordinates": [
          20.090555555556,
          51.938611111111
        ]
      },
      "properties": {
        "id": "AP_KRĘŻCE",
        "name": "KRĘŻCE",
        "icao": "",
        "type": "ultralight"
      }
    },
    {
      "type": "Feature",
      "geometry": {
        "type": "Point",
        "coordinates": [
          17.07575,
          51.95645
        ]
      },
      "properties": {
        "id": "AP_KSIĘGINKI",
        "name": "KSIĘGINKI",
        "icao": "",
        "type": "landing_strip"
      }
    },
    {
      "type": "Feature",
      "geometry": {
        "type": "Point",
        "coordinates": [
          22.521944444444,
          52.721944444444
        ]
      },
      "properties": {
        "id": "AP_KUCZYN",
        "name": "KUCZYN",
        "icao": "",
        "type": "licensed"
      }
    },
    {
      "type": "Feature",
      "geometry": {
        "type": "Point",
        "coordinates": [
          16.086944444444,
          52.591944444444
        ]
      },
      "properties": {
        "id": "AP_KURNATOWICE",
        "name": "KURNATOWICE",
        "icao": "",
        "type": "licensed"
      }
    },
    {
      "type": "Feature",
      "geometry": {
        "type": "Point",
        "coordinates": [
          19.390666666666668,
          52.20858333333334
        ]
      },
      "properties": {
        "id": "AP_KUTNO",
        "name": "KUTNO",
        "icao": "",
        "type": "landing_strip"
      }
    },
    {
      "type": "Feature",
      "geometry": {
        "type": "Point",
        "coordinates": [
          18.325556,
          50.221389
        ]
      },
      "properties": {
        "id": "AP_KUŹNIA_RACIBORSKA",
        "name": "KUŹNIA RACIBORSKA",
        "icao": "",
        "type": "licensed"
      }
    },
    {
      "type": "Feature",
      "geometry": {
        "type": "Point",
        "coordinates": [
          17.972222,
          51.321944
        ]
      },
      "properties": {
        "id": "AP_KĘPNO",
        "name": "KĘPNO",
        "icao": "",
        "type": "licensed"
      }
    },
    {
      "type": "Feature",
      "geometry": {
        "type": "Point",
        "coordinates": [
          18.956944,
          50.9
        ]
      },
      "properties": {
        "id": "AP_KŁOBUCK",
        "name": "KŁOBUCK",
        "icao": "",
        "type": "licensed"
      }
    },
    {
      "type": "Feature",
      "geometry": {
        "type": "Point",
        "coordinates": [
          15.6807,
          51.73441666666667
        ]
      },
      "properties": {
        "id": "AP_LASOCIN",
        "name": "LASOCIN",
        "icao": "",
        "type": "landing_strip"
      }
    },
    {
      "type": "Feature",
      "geometry": {
        "type": "Point",
        "coordinates": [
          19.619167,
          50.704722
        ]
      },
      "properties": {
        "id": "AP_LELÓW",
        "name": "LELÓW",
        "icao": "",
        "type": "licensed"
      }
    },
    {
      "type": "Feature",
      "geometry": {
        "type": "Point",
        "coordinates": [
          23.134722222222,
          53.029166666667
        ]
      },
      "properties": {
        "id": "AP_LEWICKIE",
        "name": "LEWICKIE",
        "icao": "",
        "type": "licensed"
      }
    },
    {
      "type": "Feature",
      "geometry": {
        "type": "Point",
        "coordinates": [
          19.56,
          50.526389
        ]
      },
      "properties": {
        "id": "AP_LGOTA_MUROWANA",
        "name": "LGOTA MUROWANA",
        "icao": "",
        "type": "licensed"
      }
    },
    {
      "type": "Feature",
      "geometry": {
        "type": "Point",
        "coordinates": [
          15.510833333333,
          52.715833333333
        ]
      },
      "properties": {
        "id": "AP_LIPKI_WIELKIE",
        "name": "LIPKI WIELKIE",
        "icao": "",
        "type": "licensed"
      }
    },
    {
      "type": "Feature",
      "geometry": {
        "type": "Point",
        "coordinates": [
          20.428333333333,
          52.606666666667
        ]
      },
      "properties": {
        "id": "AP_LISEWO",
        "name": "LISEWO",
        "icao": "",
        "type": "licensed"
      }
    },
    {
      "type": "Feature",
      "geometry": {
        "type": "Point",
        "coordinates": [
          22.047778,
          54.221389
        ]
      },
      "properties": {
        "id": "AP_LISY",
        "name": "LISY",
        "icao": "",
        "type": "licensed"
      }
    },
    {
      "type": "Feature",
      "geometry": {
        "type": "Point",
        "coordinates": [
          21.983333,
          52.362222
        ]
      },
      "properties": {
        "id": "AP_LIW_JARNICE",
        "name": "LIW JARNICE",
        "icao": "",
        "type": "licensed"
      }
    },
    {
      "type": "Feature",
      "geometry": {
        "type": "Point",
        "coordinates": [
          21.988611,
          52.388056
        ]
      },
      "properties": {
        "id": "AP_LIW_KRYPY",
        "name": "LIW KRYPY",
        "icao": "",
        "type": "licensed"
      }
    },
    {
      "type": "Feature",
      "geometry": {
        "type": "Point",
        "coordinates": [
          17.743133333333333,
          54.66858333333333
        ]
      },
      "properties": {
        "id": "AP_LĘDZIECHOWO",
        "name": "LĘDZIECHOWO",
        "icao": "",
        "type": "licensed"
      }
    },
    {
      "type": "Feature",
      "geometry": {
        "type": "Point",
        "coordinates": [
          22.746667,
          50.46
        ]
      },
      "properties": {
        "id": "AP_MAJDAN_NOWY_1",
        "name": "MAJDAN NOWY 1",
        "icao": "",
        "type": "licensed"
      }
    },
    {
      "type": "Feature",
      "geometry": {
        "type": "Point",
        "coordinates": [
          22.763889,
          50.461667
        ]
      },
      "properties": {
        "id": "AP_MAJDAN_NOWY_2",
        "name": "MAJDAN NOWY 2",
        "icao": "",
        "type": "ultralight"
      }
    },
    {
      "type": "Feature",
      "geometry": {
        "type": "Point",
        "coordinates": [
          18.058333,
          51.431667
        ]
      },
      "properties": {
        "id": "AP_MAJORY",
        "name": "MAJORY",
        "icao": "",
        "type": "licensed"
      }
    },
    {
      "type": "Feature",
      "geometry": {
        "type": "Point",
        "coordinates": [
          15.290278,
          53.760556
        ]
      },
      "properties": {
        "id": "AP_MAKOWICE",
        "name": "MAKOWICE",
        "icao": "",
        "type": "licensed"
      }
    },
    {
      "type": "Feature",
      "geometry": {
        "type": "Point",
        "coordinates": [
          14.739722,
          51.758056
        ]
      },
      "properties": {
        "id": "AP_MARIANKA",
        "name": "MARIANKA",
        "icao": "",
        "type": "ultralight"
      }
    },
    {
      "type": "Feature",
      "geometry": {
        "type": "Point",
        "coordinates": [
          22.093083333333333,
          52.450966666666666
        ]
      },
      "properties": {
        "id": "AP_MIEDZNA-ŻELEŹNIKI",
        "name": "MIEDZNA-ŻELEŹNIKI",
        "icao": "",
        "type": "ultralight"
      }
    },
    {
      "type": "Feature",
      "geometry": {
        "type": "Point",
        "coordinates": [
          15.619722222222,
          52.441388888889
        ]
      },
      "properties": {
        "id": "AP_MIEDZYRZECZ_1",
        "name": "MIEDZYRZECZ 1",
        "icao": "",
        "type": "other"
      }
    },
    {
      "type": "Feature",
      "geometry": {
        "type": "Point",
        "coordinates": [
          15.580556,
          52.419167
        ]
      },
      "properties": {
        "id": "AP_MIEDZYRZECZ_2",
        "name": "MIEDZYRZECZ 2",
        "icao": "",
        "type": "licensed"
      }
    },
    {
      "type": "Feature",
      "geometry": {
        "type": "Point",
        "coordinates": [
          22.734166666667,
          52.0175
        ]
      },
      "properties": {
        "id": "AP_MIEDZYRZEC_PODLASKI",
        "name": "MIEDZYRZEC PODLASKI",
        "icao": "",
        "type": "licensed"
      }
    },
    {
      "type": "Feature",
      "geometry": {
        "type": "Point",
        "coordinates": [
          16.202222,
          50.667778
        ]
      },
      "properties": {
        "id": "AP_MIEROSZOW",
        "name": "MIEROSZOW",
        "icao": "",
        "type": "licensed"
      }
    },
    {
      "type": "Feature",
      "geometry": {
        "type": "Point",
        "coordinates": [
          21.613055555556,
          51.515
        ]
      },
      "properties": {
        "id": "AP_MOLENDY",
        "name": "MOLENDY",
        "icao": "",
        "type": "licensed"
      }
    },
    {
      "type": "Feature",
      "geometry": {
        "type": "Point",
        "coordinates": [
          15.372222,
          52.271111
        ]
      },
      "properties": {
        "id": "AP_MOSTKI",
        "name": "MOSTKI",
        "icao": "",
        "type": "licensed"
      }
    },
    {
      "type": "Feature",
      "geometry": {
        "type": "Point",
        "coordinates": [
          21.296939,
          53.838556
        ]
      },
      "properties": {
        "id": "AP_MRĄGOWO-NIKUTOWO",
        "name": "MRĄGOWO-NIKUTOWO",
        "icao": "",
        "type": "ultralight"
      }
    },
    {
      "type": "Feature",
      "geometry": {
        "type": "Point",
        "coordinates": [
          17.485277777778,
          52.537777777778
        ]
      },
      "properties": {
        "id": "AP_MYSLECIN",
        "name": "MYSLECIN",
        "icao": "",
        "type": "licensed"
      }
    },
    {
      "type": "Feature",
      "geometry": {
        "type": "Point",
        "coordinates": [
          16.489722,
          53.454722
        ]
      },
      "properties": {
        "id": "AP_NADARZYCE",
        "name": "NADARZYCE",
        "icao": "",
        "type": "other"
      }
    },
    {
      "type": "Feature",
      "geometry": {
        "type": "Point",
        "coordinates": [
          21.171916666666668,
          52.36375
        ]
      },
      "properties": {
        "id": "AP_NADMA",
        "name": "NADMA",
        "icao": "",
        "type": "landing_strip"
      }
    },
    {
      "type": "Feature",
      "geometry": {
        "type": "Point",
        "coordinates": [
          19.85625,
          51.913333333333334
        ]
      },
      "properties": {
        "id": "AP_NADOLNA",
        "name": "NADOLNA",
        "icao": "",
        "type": "landing_strip"
      }
    },
    {
      "type": "Feature",
      "geometry": {
        "type": "Point",
        "coordinates": [
          23.026111,
          51.350556
        ]
      },
      "properties": {
        "id": "AP_NADRYBIE",
        "name": "NADRYBIE",
        "icao": "",
        "type": "licensed"
      }
    },
    {
      "type": "Feature",
      "geometry": {
        "type": "Point",
        "coordinates": [
          17.556666666667,
          53.145833333333
        ]
      },
      "properties": {
        "id": "AP_NAKLO_NAD_NOTECIA",
        "name": "NAKLO NAD NOTECIA",
        "icao": "",
        "type": "licensed"
      }
    },
    {
      "type": "Feature",
      "geometry": {
        "type": "Point",
        "coordinates": [
          18.754444444444,
          51.016111111111
        ]
      },
      "properties": {
        "id": "AP_NATOLIN",
        "name": "NATOLIN",
        "icao": "",
        "type": "licensed"
      }
    },
    {
      "type": "Feature",
      "geometry": {
        "type": "Point",
        "coordinates": [
          20.06055,
          52.070116666666664
        ]
      },
      "properties": {
        "id": "AP_NIEBORÓW",
        "name": "NIEBORÓW",
        "icao": "",
        "type": "ultralight"
      }
    },
    {
      "type": "Feature",
      "geometry": {
        "type": "Point",
        "coordinates": [
          21.57177375616333,
          52.64308840630525
        ]
      },
      "properties": {
        "id": "AP_NIEMIRY",
        "name": "NIEMIRY",
        "icao": "",
        "type": "landing_strip"
      }
    },
    {
      "type": "Feature",
      "geometry": {
        "type": "Point",
        "coordinates": [
          21.078611111111,
          51.8025
        ]
      },
      "properties": {
        "id": "AP_NOWA_WIES",
        "name": "NOWA WIES",
        "icao": "",
        "type": "licensed"
      }
    },
    {
      "type": "Feature",
      "geometry": {
        "type": "Point",
        "coordinates": [
          17.603611111111,
          54.746944444444
        ]
      },
      "properties": {
        "id": "AP_NOWECIN",
        "name": "NOWECIN",
        "icao": "",
        "type": "licensed"
      }
    },
    {
      "type": "Feature",
      "geometry": {
        "type": "Point",
        "coordinates": [
          19.618145,
          49.973121
        ]
      },
      "properties": {
        "id": "AP_NOWE_DWORY",
        "name": "NOWE DWORY",
        "icao": "",
        "type": "landing_strip"
      }
    },
    {
      "type": "Feature",
      "geometry": {
        "type": "Point",
        "coordinates": [
          21.710278,
          53.240556
        ]
      },
      "properties": {
        "id": "AP_NOWOGROD",
        "name": "NOWOGROD",
        "icao": "",
        "type": "licensed"
      }
    },
    {
      "type": "Feature",
      "geometry": {
        "type": "Point",
        "coordinates": [
          21.08568347513621,
          50.9254186106186
        ]
      },
      "properties": {
        "id": "AP_NOWY_BOSTÓW",
        "name": "NOWY BOSTÓW",
        "icao": "",
        "type": "ultralight"
      }
    },
    {
      "type": "Feature",
      "geometry": {
        "type": "Point",
        "coordinates": [
          16.145599429709844,
          52.30763408182092
        ]
      },
      "properties": {
        "id": "AP_NOWY_TOMYŚL",
        "name": "NOWY TOMYŚL",
        "icao": "",
        "type": "landing_strip"
      }
    },
    {
      "type": "Feature",
      "geometry": {
        "type": "Point",
        "coordinates": [
          17.267222222222,
          50.471944444444
        ]
      },
      "properties": {
        "id": "AP_NYSA",
        "name": "NYSA",
        "icao": "",
        "type": "ultralight"
      }
    },
    {
      "type": "Feature",
      "geometry": {
        "type": "Point",
        "coordinates": [
          17.532778,
          52.575278
        ]
      },
      "properties": {
        "id": "AP_OBORA",
        "name": "OBORA",
        "icao": "",
        "type": "landing_strip"
      }
    },
    {
      "type": "Feature",
      "geometry": {
        "type": "Point",
        "coordinates": [
          21.25523502259874,
          52.71159726356617
        ]
      },
      "properties": {
        "id": "AP_OBRYTE",
        "name": "OBRYTE",
        "icao": "",
        "type": "landing_strip"
      }
    },
    {
      "type": "Feature",
      "geometry": {
        "type": "Point",
        "coordinates": [
          17.438333,
          51.214722
        ]
      },
      "properties": {
        "id": "AP_OLESNICA",
        "name": "OLESNICA",
        "icao": "",
        "type": "licensed"
      }
    },
    {
      "type": "Feature",
      "geometry": {
        "type": "Point",
        "coordinates": [
          23.058889,
          50.169722
        ]
      },
      "properties": {
        "id": "AP_OLESZYCE",
        "name": "OLESZYCE",
        "icao": "",
        "type": "licensed"
      }
    },
    {
      "type": "Feature",
      "geometry": {
        "type": "Point",
        "coordinates": [
          18.63155,
          51.2145
        ]
      },
      "properties": {
        "id": "AP_OLEWIN",
        "name": "OLEWIN",
        "icao": "",
        "type": "landing_strip"
      }
    },
    {
      "type": "Feature",
      "geometry": {
        "type": "Point",
        "coordinates": [
          22.668633333333332,
          52.14946666666667
        ]
      },
      "properties": {
        "id": "AP_OLSZANKA",
        "name": "OLSZANKA",
        "icao": "",
        "type": "landing_strip"
      }
    },
    {
      "type": "Feature",
      "geometry": {
        "type": "Point",
        "coordinates": [
          21.990556,
          51.146111
        ]
      },
      "properties": {
        "id": "AP_OPOLE_LUB",
        "name": "OPOLE LUB",
        "icao": "",
        "type": "licensed"
      }
    },
    {
      "type": "Feature",
      "geometry": {
        "type": "Point",
        "coordinates": [
          20.094167,
          54.128611
        ]
      },
      "properties": {
        "id": "AP_ORNETA",
        "name": "ORNETA",
        "icao": "",
        "type": "other"
      }
    },
    {
      "type": "Feature",
      "geometry": {
        "type": "Point",
        "coordinates": [
          19.98755,
          49.848866666666666
        ]
      },
      "properties": {
        "id": "AP_OSIECZANY",
        "name": "OSIECZANY",
        "icao": "",
        "type": "landing_strip"
      }
    },
    {
      "type": "Feature",
      "geometry": {
        "type": "Point",
        "coordinates": [
          16.708583333333333,
          51.91588333333333
        ]
      },
      "properties": {
        "id": "AP_OSIECZNA",
        "name": "OSIECZNA",
        "icao": "",
        "type": "landing_strip"
      }
    },
    {
      "type": "Feature",
      "geometry": {
        "type": "Point",
        "coordinates": [
          19.390833,
          53.184167
        ]
      },
      "properties": {
        "id": "AP_OSIEK",
        "name": "OSIEK",
        "icao": "",
        "type": "licensed"
      }
    },
    {
      "type": "Feature",
      "geometry": {
        "type": "Point",
        "coordinates": [
          21.657,
          50.9022
        ]
      },
      "properties": {
        "id": "AP_OŻARÓW",
        "name": "OŻARÓW",
        "icao": "",
        "type": "landing_strip"
      }
    },
    {
      "type": "Feature",
      "geometry": {
        "type": "Point",
        "coordinates": [
          20.153611111111,
          53.530833333333
        ]
      },
      "properties": {
        "id": "AP_PACOLTOWO",
        "name": "PACOLTOWO",
        "icao": "",
        "type": "licensed"
      }
    },
    {
      "type": "Feature",
      "geometry": {
        "type": "Point",
        "coordinates": [
          16.8175,
          54.446111
        ]
      },
      "properties": {
        "id": "AP_PALOWO",
        "name": "PALOWO",
        "icao": "",
        "type": "licensed"
      }
    },
    {
      "type": "Feature",
      "geometry": {
        "type": "Point",
        "coordinates": [
          21.563889,
          51.279167
        ]
      },
      "properties": {
        "id": "AP_PCIN",
        "name": "PCIN",
        "icao": "",
        "type": "ultralight"
      }
    },
    {
      "type": "Feature",
      "geometry": {
        "type": "Point",
        "coordinates": [
          17.003055555556,
          53.871666666667
        ]
      },
      "properties": {
        "id": "AP_PIENIEZNICA",
        "name": "PIENIEZNICA",
        "icao": "",
        "type": "licensed"
      }
    },
    {
      "type": "Feature",
      "geometry": {
        "type": "Point",
        "coordinates": [
          20.154666666666667,
          51.02883333333333
        ]
      },
      "properties": {
        "id": "AP_PIJANÓW",
        "name": "PIJANÓW",
        "icao": "",
        "type": "ultralight"
      }
    },
    {
      "type": "Feature",
      "geometry": {
        "type": "Point",
        "coordinates": [
          20.514722,
          50.518056
        ]
      },
      "properties": {
        "id": "AP_PINCZOW",
        "name": "PINCZOW",
        "icao": "",
        "type": "licensed"
      }
    },
    {
      "type": "Feature",
      "geometry": {
        "type": "Point",
        "coordinates": [
          15.233533333333334,
          51.149
        ]
      },
      "properties": {
        "id": "AP_PISARZOWICE",
        "name": "PISARZOWICE",
        "icao": "",
        "type": "landing_strip"
      }
    },
    {
      "type": "Feature",
      "geometry": {
        "type": "Point",
        "coordinates": [
          21.907222,
          53.708889
        ]
      },
      "properties": {
        "id": "AP_PISZ-ROSTKI",
        "name": "PISZ-ROSTKI",
        "icao": "",
        "type": "licensed"
      }
    },
    {
      "type": "Feature",
      "geometry": {
        "type": "Point",
        "coordinates": [
          15.84204166864776,
          51.75720493446844
        ]
      },
      "properties": {
        "id": "AP_PIĘKNE_KĄTY",
        "name": "PIĘKNE KĄTY",
        "icao": "",
        "type": "landing_strip"
      }
    },
    {
      "type": "Feature",
      "geometry": {
        "type": "Point",
        "coordinates": [
          21.3143,
          50.243716666666664
        ]
      },
      "properties": {
        "id": "AP_PODBORZE",
        "name": "PODBORZE",
        "icao": "",
        "type": "landing_strip"
      }
    },
    {
      "type": "Feature",
      "geometry": {
        "type": "Point",
        "coordinates": [
          20.192833333333333,
          51.92203333333333
        ]
      },
      "properties": {
        "id": "AP_PODTRZCIANNA",
        "name": "PODTRZCIANNA",
        "icao": "",
        "type": "landing_strip"
      }
    },
    {
      "type": "Feature",
      "geometry": {
        "type": "Point",
        "coordinates": [
          19.422778,
          53.307222
        ]
      },
      "properties": {
        "id": "AP_POKRZYWKI",
        "name": "POKRZYWKI",
        "icao": "",
        "type": "ultralight"
      }
    },
    {
      "type": "Feature",
      "geometry": {
        "type": "Point",
        "coordinates": [
          21.411,
          51.98846666666667
        ]
      },
      "properties": {
        "id": "AP_POLANKI_OSIECKIE",
        "name": "POLANKI OSIECKIE",
        "icao": "",
        "type": "landing_strip"
      }
    },
    {
      "type": "Feature",
      "geometry": {
        "type": "Point",
        "coordinates": [
          19.376666944444445,
          50.487775
        ]
      },
      "properties": {
        "id": "AP_POREBA",
        "name": "POREBA",
        "icao": "",
        "type": "licensed"
      }
    },
    {
      "type": "Feature",
      "geometry": {
        "type": "Point",
        "coordinates": [
          16.0475,
          52.117222222222
        ]
      },
      "properties": {
        "id": "AP_POWODOWO",
        "name": "POWODOWO",
        "icao": "",
        "type": "licensed"
      }
    },
    {
      "type": "Feature",
      "geometry": {
        "type": "Point",
        "coordinates": [
          19.206383333333335,
          53.724866666666664
        ]
      },
      "properties": {
        "id": "AP_PRABUTY",
        "name": "PRABUTY",
        "icao": "",
        "type": "landing_strip"
      }
    },
    {
      "type": "Feature",
      "geometry": {
        "type": "Point",
        "coordinates": [
          18.90675,
          52.324083333333334
        ]
      },
      "properties": {
        "id": "AP_PRZEDECZ",
        "name": "PRZEDECZ",
        "icao": "",
        "type": "landing_strip"
      }
    },
    {
      "type": "Feature",
      "geometry": {
        "type": "Point",
        "coordinates": [
          15.801666666667,
          51.801666666667
        ]
      },
      "properties": {
        "id": "AP_PRZYBOROW",
        "name": "PRZYBOROW",
        "icao": "",
        "type": "licensed"
      }
    },
    {
      "type": "Feature",
      "geometry": {
        "type": "Point",
        "coordinates": [
          21.716667,
          53.1175
        ]
      },
      "properties": {
        "id": "AP_PRZYTULY",
        "name": "PRZYTULY",
        "icao": "",
        "type": "licensed"
      }
    },
    {
      "type": "Feature",
      "geometry": {
        "type": "Point",
        "coordinates": [
          18.875083333333333,
          51.517633333333336
        ]
      },
      "properties": {
        "id": "AP_PSTROKONIE",
        "name": "PSTROKONIE",
        "icao": "",
        "type": "landing_strip"
      }
    },
    {
      "type": "Feature",
      "geometry": {
        "type": "Point",
        "coordinates": [
          22.629444444444,
          51.748055555556
        ]
      },
      "properties": {
        "id": "AP_RADZYN_PODLASKI-MARYNIN",
        "name": "RADZYN PODLASKI-MARYNIN",
        "icao": "",
        "type": "licensed"
      }
    },
    {
      "type": "Feature",
      "geometry": {
        "type": "Point",
        "coordinates": [
          16.904,
          51.61525
        ]
      },
      "properties": {
        "id": "AP_RAWICZ",
        "name": "RAWICZ",
        "icao": "",
        "type": "landing_strip"
      }
    },
    {
      "type": "Feature",
      "geometry": {
        "type": "Point",
        "coordinates": [
          21.324722,
          52.319444
        ]
      },
      "properties": {
        "id": "AP_RECZAJE",
        "name": "RECZAJE",
        "icao": "",
        "type": "other"
      }
    },
    {
      "type": "Feature",
      "geometry": {
        "type": "Point",
        "coordinates": [
          15.029166666667,
          54.062777777778
        ]
      },
      "properties": {
        "id": "AP_REWAL-NINIKOWO",
        "name": "REWAL-NINIKOWO",
        "icao": "",
        "type": "licensed"
      }
    },
    {
      "type": "Feature",
      "geometry": {
        "type": "Point",
        "coordinates": [
          18.66725,
          53.35446666666667
        ]
      },
      "properties": {
        "id": "AP_ROBAKOWO",
        "name": "ROBAKOWO",
        "icao": "",
        "type": "landing_strip"
      }
    },
    {
      "type": "Feature",
      "geometry": {
        "type": "Point",
        "coordinates": [
          18.955278,
          53.548056
        ]
      },
      "properties": {
        "id": "AP_ROGOZNO",
        "name": "ROGOZNO",
        "icao": "",
        "type": "licensed"
      }
    },
    {
      "type": "Feature",
      "geometry": {
        "type": "Point",
        "coordinates": [
          19.399722222222,
          51.910555555556
        ]
      },
      "properties": {
        "id": "AP_ROSANOW",
        "name": "ROSANOW",
        "icao": "",
        "type": "licensed"
      }
    },
    {
      "type": "Feature",
      "geometry": {
        "type": "Point",
        "coordinates": [
          15.307222222222,
          52.772222222222
        ]
      },
      "properties": {
        "id": "AP_ROZANKI",
        "name": "ROZANKI",
        "icao": "",
        "type": "licensed"
      }
    },
    {
      "type": "Feature",
      "geometry": {
        "type": "Point",
        "coordinates": [
          21.530556,
          50.954167
        ]
      },
      "properties": {
        "id": "AP_RUDA_KOSCIELNA",
        "name": "RUDA KOSCIELNA",
        "icao": "",
        "type": "licensed"
      }
    },
    {
      "type": "Feature",
      "geometry": {
        "type": "Point",
        "coordinates": [
          21.947283333333335,
          51.64438333333333
        ]
      },
      "properties": {
        "id": "AP_RYKI_II",
        "name": "RYKI II",
        "icao": "",
        "type": "landing_strip"
      }
    },
    {
      "type": "Feature",
      "geometry": {
        "type": "Point",
        "coordinates": [
          19.425555555556,
          53.047222222222
        ]
      },
      "properties": {
        "id": "AP_RYPIN",
        "name": "RYPIN",
        "icao": "",
        "type": "licensed"
      }
    },
    {
      "type": "Feature",
      "geometry": {
        "type": "Point",
        "coordinates": [
          21.473611111111,
          52.220277777778
        ]
      },
      "properties": {
        "id": "AP_RYSIE",
        "name": "RYSIE",
        "icao": "",
        "type": "licensed"
      }
    },
    {
      "type": "Feature",
      "geometry": {
        "type": "Point",
        "coordinates": [
          17.830833333333,
          53.739722222222
        ]
      },
      "properties": {
        "id": "AP_RYTEL-UBOGA",
        "name": "RYTEL-UBOGA",
        "icao": "",
        "type": "licensed"
      }
    },
    {
      "type": "Feature",
      "geometry": {
        "type": "Point",
        "coordinates": [
          21.195278,
          50.515556
        ]
      },
      "properties": {
        "id": "AP_RYTWIANY",
        "name": "RYTWIANY",
        "icao": "",
        "type": "licensed"
      }
    },
    {
      "type": "Feature",
      "geometry": {
        "type": "Point",
        "coordinates": [
          18.128888888889,
          50.759722222222
        ]
      },
      "properties": {
        "id": "AP_RZEDOW_K._TURAWY",
        "name": "RZEDOW K. TURAWY",
        "icao": "",
        "type": "licensed"
      }
    },
    {
      "type": "Feature",
      "geometry": {
        "type": "Point",
        "coordinates": [
          14.810833333333,
          52.322222222222
        ]
      },
      "properties": {
        "id": "AP_RZEPIN",
        "name": "RZEPIN",
        "icao": "",
        "type": "licensed"
      }
    },
    {
      "type": "Feature",
      "geometry": {
        "type": "Point",
        "coordinates": [
          17.3525,
          53.825278
        ]
      },
      "properties": {
        "id": "AP_SAPOLNO",
        "name": "SAPOLNO",
        "icao": "",
        "type": "licensed"
      }
    },
    {
      "type": "Feature",
      "geometry": {
        "type": "Point",
        "coordinates": [
          14.795277777778,
          51.861388888889
        ]
      },
      "properties": {
        "id": "AP_SIENSK",
        "name": "SIENSK",
        "icao": "",
        "type": "licensed"
      }
    },
    {
      "type": "Feature",
      "geometry": {
        "type": "Point",
        "coordinates": [
          19.386944444444,
          52.830555555556
        ]
      },
      "properties": {
        "id": "AP_SKEPE",
        "name": "SKEPE",
        "icao": "",
        "type": "licensed"
      }
    },
    {
      "type": "Feature",
      "geometry": {
        "type": "Point",
        "coordinates": [
          20.325033333333334,
          51.88605
        ]
      },
      "properties": {
        "id": "AP_SKIERNIEWICE-PSARY",
        "name": "SKIERNIEWICE-PSARY",
        "icao": "",
        "type": "ultralight"
      }
    },
    {
      "type": "Feature",
      "geometry": {
        "type": "Point",
        "coordinates": [
          16.682222,
          54.392778
        ]
      },
      "properties": {
        "id": "AP_SLAWNO",
        "name": "SLAWNO",
        "icao": "",
        "type": "licensed"
      }
    },
    {
      "type": "Feature",
      "geometry": {
        "type": "Point",
        "coordinates": [
          17.106944,
          54.478611
        ]
      },
      "properties": {
        "id": "AP_SLUPSK_REDZIKOWO",
        "name": "SLUPSK REDZIKOWO",
        "icao": "",
        "type": "licensed"
      }
    },
    {
      "type": "Feature",
      "geometry": {
        "type": "Point",
        "coordinates": [
          17.69,
          51.053611
        ]
      },
      "properties": {
        "id": "AP_SMARCHOWCE",
        "name": "SMARCHOWCE",
        "icao": "",
        "type": "licensed"
      }
    },
    {
      "type": "Feature",
      "geometry": {
        "type": "Point",
        "coordinates": [
          22.118611,
          49.281667
        ]
      },
      "properties": {
        "id": "AP_SMOLNIK",
        "name": "SMOLNIK",
        "icao": "",
        "type": "licensed"
      }
    },
    {
      "type": "Feature",
      "geometry": {
        "type": "Point",
        "coordinates": [
          20.291389,
          52.198333
        ]
      },
      "properties": {
        "id": "AP_SOCHACZEW",
        "name": "SOCHACZEW",
        "icao": "",
        "type": "other"
      }
    },
    {
      "type": "Feature",
      "geometry": {
        "type": "Point",
        "coordinates": [
          18.195555555556,
          53.070833333333
        ]
      },
      "properties": {
        "id": "AP_SOLEC_KUJAWSKI",
        "name": "SOLEC KUJAWSKI",
        "icao": "",
        "type": "licensed"
      }
    },
    {
      "type": "Feature",
      "geometry": {
        "type": "Point",
        "coordinates": [
          16.889444444444,
          52.2375
        ]
      },
      "properties": {
        "id": "AP_SOWINIEC",
        "name": "SOWINIEC",
        "icao": "",
        "type": "licensed"
      }
    },
    {
      "type": "Feature",
      "geometry": {
        "type": "Point",
        "coordinates": [
          22.233889,
          53.907222
        ]
      },
      "properties": {
        "id": "AP_STARE_JUCHY",
        "name": "STARE JUCHY",
        "icao": "",
        "type": "licensed"
      }
    },
    {
      "type": "Feature",
      "geometry": {
        "type": "Point",
        "coordinates": [
          21.249366666666667,
          52.4123
        ]
      },
      "properties": {
        "id": "AP_STARY_KRASZEW",
        "name": "STARY KRASZEW",
        "icao": "",
        "type": "landing_strip"
      }
    },
    {
      "type": "Feature",
      "geometry": {
        "type": "Point",
        "coordinates": [
          19.913333,
          53.154444
        ]
      },
      "properties": {
        "id": "AP_STRASZEWY",
        "name": "STRASZEWY",
        "icao": "",
        "type": "other"
      }
    },
    {
      "type": "Feature",
      "geometry": {
        "type": "Point",
        "coordinates": [
          20.6025,
          50.118888888889
        ]
      },
      "properties": {
        "id": "AP_STRZELCE_MALE-SZCZUROWA",
        "name": "STRZELCE MALE-SZCZUROWA",
        "icao": "",
        "type": "licensed"
      }
    },
    {
      "type": "Feature",
      "geometry": {
        "type": "Point",
        "coordinates": [
          20.972533333333335,
          49.679883333333336
        ]
      },
      "properties": {
        "id": "AP_STRÓŻE",
        "name": "STRÓŻE",
        "icao": "",
        "type": "landing_strip"
      }
    },
    {
      "type": "Feature",
      "geometry": {
        "type": "Point",
        "coordinates": [
          20.275,
          51.927222
        ]
      },
      "properties": {
        "id": "AP_SULISZEW_1",
        "name": "SULISZEW 1",
        "icao": "",
        "type": "licensed"
      }
    },
    {
      "type": "Feature",
      "geometry": {
        "type": "Point",
        "coordinates": [
          20.265,
          51.927222222222
        ]
      },
      "properties": {
        "id": "AP_SULISZEW_2",
        "name": "SULISZEW 2",
        "icao": "",
        "type": "licensed"
      }
    },
    {
      "type": "Feature",
      "geometry": {
        "type": "Point",
        "coordinates": [
          20.321666666667,
          53.738333333333
        ]
      },
      "properties": {
        "id": "AP_SZABRUK",
        "name": "SZABRUK",
        "icao": "",
        "type": "licensed"
      }
    },
    {
      "type": "Feature",
      "geometry": {
        "type": "Point",
        "coordinates": [
          18.999616666666668,
          51.70095
        ]
      },
      "properties": {
        "id": "AP_SZADEK",
        "name": "SZADEK",
        "icao": "",
        "type": "landing_strip"
      }
    },
    {
      "type": "Feature",
      "geometry": {
        "type": "Point",
        "coordinates": [
          17.79505,
          51.488166666666665
        ]
      },
      "properties": {
        "id": "AP_SZKLARKA_PRZYGODZICKA",
        "name": "SZKLARKA PRZYGODZICKA",
        "icao": "",
        "type": "landing_strip"
      }
    },
    {
      "type": "Feature",
      "geometry": {
        "type": "Point",
        "coordinates": [
          22.674166666667,
          53.285277777778
        ]
      },
      "properties": {
        "id": "AP_SZORCE",
        "name": "SZORCE",
        "icao": "",
        "type": "licensed"
      }
    },
    {
      "type": "Feature",
      "geometry": {
        "type": "Point",
        "coordinates": [
          15.587778,
          51.560833
        ]
      },
      "properties": {
        "id": "AP_SZPROTAWA",
        "name": "SZPROTAWA",
        "icao": "",
        "type": "other"
      }
    },
    {
      "type": "Feature",
      "geometry": {
        "type": "Point",
        "coordinates": [
          19.7848,
          50.2227
        ]
      },
      "properties": {
        "id": "AP_SĄSPÓW",
        "name": "SĄSPÓW",
        "icao": "",
        "type": "landing_strip"
      }
    },
    {
      "type": "Feature",
      "geometry": {
        "type": "Point",
        "coordinates": [
          21.004167,
          50.001667
        ]
      },
      "properties": {
        "id": "AP_TARNOW",
        "name": "TARNOW",
        "icao": "",
        "type": "licensed"
      }
    },
    {
      "type": "Feature",
      "geometry": {
        "type": "Point",
        "coordinates": [
          18.75945,
          54.106
        ]
      },
      "properties": {
        "id": "AP_TCZEW",
        "name": "TCZEW",
        "icao": "",
        "type": "landing_strip"
      }
    },
    {
      "type": "Feature",
      "geometry": {
        "type": "Point",
        "coordinates": [
          18.848783333333333,
          50.8728
        ]
      },
      "properties": {
        "id": "AP_TRUSKOLASY",
        "name": "TRUSKOLASY",
        "icao": "",
        "type": "landing_strip"
      }
    },
    {
      "type": "Feature",
      "geometry": {
        "type": "Point",
        "coordinates": [
          18.09425,
          53.464533333333335
        ]
      },
      "properties": {
        "id": "AP_TRUTNOWO",
        "name": "TRUTNOWO",
        "icao": "",
        "type": "landing_strip"
      }
    },
    {
      "type": "Feature",
      "geometry": {
        "type": "Point",
        "coordinates": [
          19.074722222222,
          53.808888888889
        ]
      },
      "properties": {
        "id": "AP_TRZCIANO",
        "name": "TRZCIANO",
        "icao": "",
        "type": "licensed"
      }
    },
    {
      "type": "Feature",
      "geometry": {
        "type": "Point",
        "coordinates": [
          17.069167,
          54.210833
        ]
      },
      "properties": {
        "id": "AP_TRZEBIELINO",
        "name": "TRZEBIELINO",
        "icao": "",
        "type": "licensed"
      }
    },
    {
      "type": "Feature",
      "geometry": {
        "type": "Point",
        "coordinates": [
          15.098366666666667,
          51.152966666666664
        ]
      },
      "properties": {
        "id": "AP_TRÓJCA",
        "name": "TRÓJCA",
        "icao": "",
        "type": "landing_strip"
      }
    },
    {
      "type": "Feature",
      "geometry": {
        "type": "Point",
        "coordinates": [
          16.136133333333333,
          53.20771666666667
        ]
      },
      "properties": {
        "id": "AP_TUCZNO",
        "name": "TUCZNO",
        "icao": "",
        "type": "landing_strip"
      }
    },
    {
      "type": "Feature",
      "geometry": {
        "type": "Point",
        "coordinates": [
          23.057222,
          53.002222
        ]
      },
      "properties": {
        "id": "AP_TUROSN_KOSCIELNA",
        "name": "TUROSN KOSCIELNA",
        "icao": "",
        "type": "licensed"
      }
    },
    {
      "type": "Feature",
      "geometry": {
        "type": "Point",
        "coordinates": [
          21.485416666666666,
          50.37305611111111
        ]
      },
      "properties": {
        "id": "AP_TUSZOW_NARODOWY",
        "name": "TUSZOW NARODOWY",
        "icao": "",
        "type": "licensed"
      }
    },
    {
      "type": "Feature",
      "geometry": {
        "type": "Point",
        "coordinates": [
          16.678333,
          50.922778
        ]
      },
      "properties": {
        "id": "AP_TWORZYJANOW",
        "name": "TWORZYJANOW",
        "icao": "",
        "type": "licensed"
      }
    },
    {
      "type": "Feature",
      "geometry": {
        "type": "Point",
        "coordinates": [
          22.101416666666665,
          51.61911666666666
        ]
      },
      "properties": {
        "id": "AP_UŁĘŻ",
        "name": "UŁĘŻ",
        "icao": "",
        "type": "licensed"
      }
    },
    {
      "type": "Feature",
      "geometry": {
        "type": "Point",
        "coordinates": [
          20.853083333333334,
          52.080666666666666
        ]
      },
      "properties": {
        "id": "AP_WALENDÓW",
        "name": "WALENDÓW",
        "icao": "",
        "type": "ultralight"
      }
    },
    {
      "type": "Feature",
      "geometry": {
        "type": "Point",
        "coordinates": [
          14.796666666667,
          52.003611111111
        ]
      },
      "properties": {
        "id": "AP_WALOWICE",
        "name": "WALOWICE",
        "icao": "",
        "type": "licensed"
      }
    },
    {
      "type": "Feature",
      "geometry": {
        "type": "Point",
        "coordinates": [
          21.2025,
          51.744444
        ]
      },
      "properties": {
        "id": "AP_WARKA",
        "name": "WARKA",
        "icao": "",
        "type": "licensed"
      }
    },
    {
      "type": "Feature",
      "geometry": {
        "type": "Point",
        "coordinates": [
          18.98625,
          53.24358333333333
        ]
      },
      "properties": {
        "id": "AP_WAŁYCZYK",
        "name": "WAŁYCZYK",
        "icao": "",
        "type": "landing_strip"
      }
    },
    {
      "type": "Feature",
      "geometry": {
        "type": "Point",
        "coordinates": [
          22.319167,
          49.445833
        ]
      },
      "properties": {
        "id": "AP_WEREMIEN",
        "name": "WEREMIEN",
        "icao": "",
        "type": "licensed"
      }
    },
    {
      "type": "Feature",
      "geometry": {
        "type": "Point",
        "coordinates": [
          22.481667,
          49.351111
        ]
      },
      "properties": {
        "id": "AP_WERLAS",
        "name": "WERLAS",
        "icao": "",
        "type": "licensed"
      }
    },
    {
      "type": "Feature",
      "geometry": {
        "type": "Point",
        "coordinates": [
          20.039722,
          49.984444
        ]
      },
      "properties": {
        "id": "AP_WIELICZKA",
        "name": "WIELICZKA",
        "icao": "",
        "type": "heliport"
      }
    },
    {
      "type": "Feature",
      "geometry": {
        "type": "Point",
        "coordinates": [
          18.733633333333334,
          53.5277
        ]
      },
      "properties": {
        "id": "AP_WIELKI_LUBIEŃ",
        "name": "WIELKI LUBIEŃ",
        "icao": "",
        "type": "landing_strip"
      }
    },
    {
      "type": "Feature",
      "geometry": {
        "type": "Point",
        "coordinates": [
          21.369444444444,
          51.881388888889
        ]
      },
      "properties": {
        "id": "AP_WILGA",
        "name": "WILGA",
        "icao": "",
        "type": "licensed"
      }
    },
    {
      "type": "Feature",
      "geometry": {
        "type": "Point",
        "coordinates": [
          16.699633333333335,
          51.064283333333336
        ]
      },
      "properties": {
        "id": "AP_WILKÓW_ŚREDZKI",
        "name": "WILKÓW ŚREDZKI",
        "icao": "",
        "type": "ultralight"
      }
    },
    {
      "type": "Feature",
      "geometry": {
        "type": "Point",
        "coordinates": [
          21.148888888888887,
          51.9397225
        ]
      },
      "properties": {
        "id": "AP_WINCENTOW_1",
        "name": "WINCENTOW 1",
        "icao": "",
        "type": "licensed"
      }
    },
    {
      "type": "Feature",
      "geometry": {
        "type": "Point",
        "coordinates": [
          23.166388888889,
          51.778888888889
        ]
      },
      "properties": {
        "id": "AP_WISZNICE",
        "name": "WISZNICE",
        "icao": "",
        "type": "licensed"
      }
    },
    {
      "type": "Feature",
      "geometry": {
        "type": "Point",
        "coordinates": [
          14.869133333333334,
          52.67321666666667
        ]
      },
      "properties": {
        "id": "AP_WITNICA",
        "name": "WITNICA",
        "icao": "",
        "type": "landing_strip"
      }
    },
    {
      "type": "Feature",
      "geometry": {
        "type": "Point",
        "coordinates": [
          18.3675,
          54.062222222222
        ]
      },
      "properties": {
        "id": "AP_WIĘCKOWY",
        "name": "WIĘCKOWY",
        "icao": "",
        "type": "landing_strip"
      }
    },
    {
      "type": "Feature",
      "geometry": {
        "type": "Point",
        "coordinates": [
          19.760533333333335,
          53.275333333333336
        ]
      },
      "properties": {
        "id": "AP_WLEWSK",
        "name": "WLEWSK",
        "icao": "",
        "type": "landing_strip"
      }
    },
    {
      "type": "Feature",
      "geometry": {
        "type": "Point",
        "coordinates": [
          21.821616666666667,
          52.41258333333333
        ]
      },
      "properties": {
        "id": "AP_WOLA_KORYTNICKA",
        "name": "WOLA KORYTNICKA",
        "icao": "",
        "type": "ultralight"
      }
    },
    {
      "type": "Feature",
      "geometry": {
        "type": "Point",
        "coordinates": [
          20.807283333333334,
          52.027116666666664
        ]
      },
      "properties": {
        "id": "AP_WOLA_KRAKOWIAŃSKA_I",
        "name": "WOLA KRAKOWIAŃSKA I",
        "icao": "",
        "type": "landing_strip"
      }
    },
    {
      "type": "Feature",
      "geometry": {
        "type": "Point",
        "coordinates": [
          20.811216666666667,
          52.02695
        ]
      },
      "properties": {
        "id": "AP_WOLA_KRAKOWIAŃSKA_II",
        "name": "WOLA KRAKOWIAŃSKA II",
        "icao": "",
        "type": "landing_strip"
      }
    },
    {
      "type": "Feature",
      "geometry": {
        "type": "Point",
        "coordinates": [
          21.7255,
          50.0977
        ]
      },
      "properties": {
        "id": "AP_WOLICA_ŁUGOWA",
        "name": "WOLICA ŁUGOWA",
        "icao": "",
        "type": "landing_strip"
      }
    },
    {
      "type": "Feature",
      "geometry": {
        "type": "Point",
        "coordinates": [
          20.182778,
          53.808889
        ]
      },
      "properties": {
        "id": "AP_WOLOWNO2",
        "name": "WOLOWNO2",
        "icao": "",
        "type": "licensed"
      }
    },
    {
      "type": "Feature",
      "geometry": {
        "type": "Point",
        "coordinates": [
          17.558333333333,
          52.305833333333
        ]
      },
      "properties": {
        "id": "AP_WRZESNIA",
        "name": "WRZESNIA",
        "icao": "",
        "type": "licensed"
      }
    },
    {
      "type": "Feature",
      "geometry": {
        "type": "Point",
        "coordinates": [
          15.004383333333333,
          52.76278333333333
        ]
      },
      "properties": {
        "id": "AP_WYSOKA",
        "name": "WYSOKA",
        "icao": "",
        "type": "landing_strip"
      }
    },
    {
      "type": "Feature",
      "geometry": {
        "type": "Point",
        "coordinates": [
          17.161133333333332,
          50.78346666666667
        ]
      },
      "properties": {
        "id": "AP_WYSZONOWICE",
        "name": "WYSZONOWICE",
        "icao": "",
        "type": "landing_strip"
      }
    },
    {
      "type": "Feature",
      "geometry": {
        "type": "Point",
        "coordinates": [
          17.167116666666665,
          52.77558333333333
        ]
      },
      "properties": {
        "id": "AP_WĄGROWIEC-ŁĘGOWO",
        "name": "WĄGROWIEC-ŁĘGOWO",
        "icao": "",
        "type": "landing_strip"
      }
    },
    {
      "type": "Feature",
      "geometry": {
        "type": "Point",
        "coordinates": [
          21.728763233219762,
          52.85134997764832
        ]
      },
      "properties": {
        "id": "AP_WĄSEWO",
        "name": "WĄSEWO",
        "icao": "",
        "type": "landing_strip"
      }
    },
    {
      "type": "Feature",
      "geometry": {
        "type": "Point",
        "coordinates": [
          20.678611,
          52.037778
        ]
      },
      "properties": {
        "id": "AP_ZABIA_WOLA",
        "name": "ZABIA WOLA",
        "icao": "",
        "type": "licensed"
      }
    },
    {
      "type": "Feature",
      "geometry": {
        "type": "Point",
        "coordinates": [
          18.773333333333333,
          53.21555
        ]
      },
      "properties": {
        "id": "AP_ZAJĄCZKOWO",
        "name": "ZAJĄCZKOWO",
        "icao": "",
        "type": "landing_strip"
      }
    },
    {
      "type": "Feature",
      "geometry": {
        "type": "Point",
        "coordinates": [
          22.414633333333335,
          52.09258333333333
        ]
      },
      "properties": {
        "id": "AP_ZBUCZYN",
        "name": "ZBUCZYN",
        "icao": "",
        "type": "landing_strip"
      }
    },
    {
      "type": "Feature",
      "geometry": {
        "type": "Point",
        "coordinates": [
          22.330555555556,
          49.3625
        ]
      },
      "properties": {
        "id": "AP_ZERNICA",
        "name": "ZERNICA",
        "icao": "",
        "type": "licensed"
      }
    },
    {
      "type": "Feature",
      "geometry": {
        "type": "Point",
        "coordinates": [
          23.5425,
          51.454444
        ]
      },
      "properties": {
        "id": "AP_ZLOBEK_MALY",
        "name": "ZLOBEK MALY",
        "icao": "",
        "type": "licensed"
      }
    },
    {
      "type": "Feature",
      "geometry": {
        "type": "Point",
        "coordinates": [
          20.388833333333334,
          51.7867
        ]
      },
      "properties": {
        "id": "AP_ZOFIANÓW",
        "name": "ZOFIANÓW",
        "icao": "",
        "type": "landing_strip"
      }
    },
    {
      "type": "Feature",
      "geometry": {
        "type": "Point",
        "coordinates": [
          21.2775,
          53.6575
        ]
      },
      "properties": {
        "id": "AP_ZYZDROJOWA_WOLA",
        "name": "ZYZDROJOWA WOLA",
        "icao": "",
        "type": "licensed"
      }
    },
    {
      "type": "Feature",
      "geometry": {
        "type": "Point",
        "coordinates": [
          15.666,
          52.33461666666667
        ]
      },
      "properties": {
        "id": "AP_ŁAGOWIEC",
        "name": "ŁAGOWIEC",
        "icao": "",
        "type": "landing_strip"
      }
    },
    {
      "type": "Feature",
      "geometry": {
        "type": "Point",
        "coordinates": [
          16.991944,
          51.971389
        ]
      },
      "properties": {
        "id": "AP_ŁAGOWO",
        "name": "ŁAGOWO",
        "icao": "",
        "type": "licensed"
      }
    },
    {
      "type": "Feature",
      "geometry": {
        "type": "Point",
        "coordinates": [
          21.059122,
          50.767222
        ]
      },
      "properties": {
        "id": "AP_ŁAGÓW",
        "name": "ŁAGÓW",
        "icao": "",
        "type": "ultralight"
      }
    },
    {
      "type": "Feature",
      "geometry": {
        "type": "Point",
        "coordinates": [
          15.688889,
          53.608889
        ]
      },
      "properties": {
        "id": "AP_ŁOBEZ",
        "name": "ŁOBEZ",
        "icao": "",
        "type": "licensed"
      }
    },
    {
      "type": "Feature",
      "geometry": {
        "type": "Point",
        "coordinates": [
          21.8613,
          51.8198
        ]
      },
      "properties": {
        "id": "AP_ŁOMNICA",
        "name": "ŁOMNICA",
        "icao": "",
        "type": "landing_strip"
      }
    },
    {
      "type": "Feature",
      "geometry": {
        "type": "Point",
        "coordinates": [
          22.093888888889,
          53.179166666667
        ]
      },
      "properties": {
        "id": "AP_ŁOMŻA",
        "name": "ŁOMŻA",
        "icao": "",
        "type": "licensed"
      }
    },
    {
      "type": "Feature",
      "geometry": {
        "type": "Point",
        "coordinates": [
          22.048366666666666,
          53.19388333333333
        ]
      },
      "properties": {
        "id": "AP_ŁOMŻA_II",
        "name": "ŁOMŻA II",
        "icao": "",
        "type": "landing_strip"
      }
    },
    {
      "type": "Feature",
      "geometry": {
        "type": "Point",
        "coordinates": [
          22.711242564153746,
          52.23835799201531
        ]
      },
      "properties": {
        "id": "AP_ŁOSICE",
        "name": "ŁOSICE",
        "icao": "",
        "type": "landing_strip"
      }
    },
    {
      "type": "Feature",
      "geometry": {
        "type": "Point",
        "coordinates": [
          19.859033333333333,
          52.08405
        ]
      },
      "properties": {
        "id": "AP_ŁOWICZ",
        "name": "ŁOWICZ",
        "icao": "",
        "type": "landing_strip"
      }
    },
    {
      "type": "Feature",
      "geometry": {
        "type": "Point",
        "coordinates": [
          22.322222222222,
          51.993888888889
        ]
      },
      "properties": {
        "id": "AP_ŁUKÓW-GRĘZÓWKA",
        "name": "ŁUKÓW-GRĘZÓWKA",
        "icao": "",
        "type": "licensed"
      }
    },
    {
      "type": "Feature",
      "geometry": {
        "type": "Point",
        "coordinates": [
          20.410916666666665,
          49.83325
        ]
      },
      "properties": {
        "id": "AP_ŁĄKTA_GÓRNA",
        "name": "ŁĄKTA GÓRNA",
        "icao": "",
        "type": "landing_strip"
      }
    },
    {
      "type": "Feature",
      "geometry": {
        "type": "Point",
        "coordinates": [
          14.865166666666667,
          53.8783
        ]
      },
      "properties": {
        "id": "AP_ŚNIATOWO",
        "name": "ŚNIATOWO",
        "icao": "",
        "type": "licensed"
      }
    },
    {
      "type": "Feature",
      "geometry": {
        "type": "Point",
        "coordinates": [
          15.566916666666666,
          52.25233333333333
        ]
      },
      "properties": {
        "id": "AP_ŚWIEBODZIN",
        "name": "ŚWIEBODZIN",
        "icao": "",
        "type": "landing_strip"
      }
    },
    {
      "type": "Feature",
      "geometry": {
        "type": "Point",
        "coordinates": [
          17.105,
          51.01611666666667
        ]
      },
      "properties": {
        "id": "AP_ŚWIĘTA_KATARZYNA",
        "name": "ŚWIĘTA KATARZYNA",
        "icao": "",
        "type": "landing_strip"
      }
    },
    {
      "type": "Feature",
      "geometry": {
        "type": "Point",
        "coordinates": [
          15.408033333333334,
          51.6278
        ]
      },
      "properties": {
        "id": "AP_ŻAGAŃ",
        "name": "ŻAGAŃ",
        "icao": "",
        "type": "licensed"
      }
    },
    {
      "type": "Feature",
      "geometry": {
        "type": "Point",
        "coordinates": [
          15.976916666666666,
          52.116033333333334
        ]
      },
      "properties": {
        "id": "AP_ŻODYŃ",
        "name": "ŻODYŃ",
        "icao": "",
        "type": "landing_strip"
      }
    },
    {
      "type": "Feature",
      "geometry": {
        "type": "Point",
        "coordinates": [
          20.965666666666667,
          51.88008333333333
        ]
      },
      "properties": {
        "id": "AP_ŻYRÓW",
        "name": "ŻYRÓW",
        "icao": "",
        "type": "landing_strip"
      }
    },
    {
      "type": "Feature",
      "geometry": {
        "type": "Point",
        "coordinates": [
          18.553966666666668,
          51.02546666666667
        ]
      },
      "properties": {
        "id": "AP_ŻYTNIÓW",
        "name": "ŻYTNIÓW",
        "icao": "",
        "type": "landing_strip"
      }
    },
    {
      "type": "Feature",
      "geometry": {
        "type": "Point",
        "coordinates": [
          22.514166666667,
          49.658333333333
        ]
      },
      "properties": {
        "id": "EPAR",
        "name": "ARŁAMOW",
        "icao": "EPAR",
        "type": "licensed"
      }
    },
    {
      "type": "Feature",
      "geometry": {
        "type": "Point",
        "coordinates": [
          16.97792,
          51.04225
        ]
      },
      "properties": {
        "id": "EPAT",
        "name": "ATM BIELANY",
        "icao": "EPAT",
        "type": "heliport"
      }
    },
    {
      "type": "Feature",
      "geometry": {
        "type": "Point",
        "coordinates": [
          19.002019,
          49.804997
        ]
      },
      "properties": {
        "id": "EPBA",
        "name": "ALEKSANDROWICE K/BIELSKA BIAŁEJ",
        "icao": "EPBA",
        "type": "licensed"
      }
    },
    {
      "type": "Feature",
      "geometry": {
        "type": "Point",
        "coordinates": [
          21.254722,
          53.668056
        ]
      },
      "properties": {
        "id": "EPBB",
        "name": "BABIĘTA",
        "icao": "EPBB",
        "type": "licensed"
      }
    },
    {
      "type": "Feature",
      "geometry": {
        "type": "Point",
        "coordinates": [
          20.907222222222,
          52.269166666667
        ]
      },
      "properties": {
        "id": "EPBC",
        "name": "WARSZAWA - BABICE",
        "icao": "EPBC",
        "type": "licensed"
      }
    },
    {
      "type": "Feature",
      "geometry": {
        "type": "Point",
        "coordinates": [
          19.378333333333,
          51.401388888889
        ]
      },
      "properties": {
        "id": "EPBE",
        "name": "BELCHATOW-KALDUNY",
        "icao": "EPBE",
        "type": "licensed"
      }
    },
    {
      "type": "Feature",
      "geometry": {
        "type": "Point",
        "coordinates": [
          18.101666666667,
          53.210277777778
        ]
      },
      "properties": {
        "id": "EPBH",
        "name": "BYDGOSZCZ BAZA LPR",
        "icao": "EPBH",
        "type": "heliport"
      }
    },
    {
      "type": "Feature",
      "geometry": {
        "type": "Point",
        "coordinates": [
          21.005,
          51.607777777778
        ]
      },
      "properties": {
        "id": "EPBI",
        "name": "BRZESKA WOLA",
        "icao": "EPBI",
        "type": "licensed"
      }
    },
    {
      "type": "Feature",
      "geometry": {
        "type": "Point",
        "coordinates": [
          23.171944444444446,
          53.100972222222225
        ]
      },
      "properties": {
        "id": "EPBK",
        "name": "BIAŁYSTOK KRYWLANY",
        "icao": "EPBK",
        "type": "licensed"
      }
    },
    {
      "type": "Feature",
      "geometry": {
        "type": "Point",
        "coordinates": [
          17.9477777778,
          53.9511111111
        ]
      },
      "properties": {
        "id": "EPBO",
        "name": "BORSK",
        "icao": "EPBO",
        "type": "licensed"
      }
    },
    {
      "type": "Feature",
      "geometry": {
        "type": "Point",
        "coordinates": [
          16.013333333333,
          51.055555555556
        ]
      },
      "properties": {
        "id": "EPBR",
        "name": "BARYT K.ZŁOTORYI",
        "icao": "EPBR",
        "type": "licensed"
      }
    },
    {
      "type": "Feature",
      "geometry": {
        "type": "Point",
        "coordinates": [
          22.025555555556,
          49.723055555556
        ]
      },
      "properties": {
        "id": "EPBW",
        "name": "STARA WIES",
        "icao": "EPBW",
        "type": "licensed"
      }
    },
    {
      "type": "Feature",
      "geometry": {
        "type": "Point",
        "coordinates": [
          17.977778,
          53.096667
        ]
      },
      "properties": {
        "id": "EPBY",
        "name": "BYDGOSZCZ",
        "icao": "EPBY",
        "type": "licensed"
      }
    },
    {
      "type": "Feature",
      "geometry": {
        "type": "Point",
        "coordinates": [
          23.438444444444443,
          51.08277777777778
        ]
      },
      "properties": {
        "id": "EPCD",
        "name": "DEPUŁTYCZE KRÓLEWSKIE",
        "icao": "EPCD",
        "type": "licensed"
      }
    },
    {
      "type": "Feature",
      "geometry": {
        "type": "Point",
        "coordinates": [
          17.763333055555556,
          54.41619444444444
        ]
      },
      "properties": {
        "id": "EPCE",
        "name": "CEWICE",
        "icao": "EPCE",
        "type": "military"
      }
    },
    {
      "type": "Feature",
      "geometry": {
        "type": "Point",
        "coordinates": [
          23.430833333333,
          52.784444444444
        ]
      },
      "properties": {
        "id": "EPCH",
        "name": "HAJNÓWKA-CZYŻE",
        "icao": "EPCH",
        "type": "licensed"
      }
    },
    {
      "type": "Feature",
      "geometry": {
        "type": "Point",
        "coordinates": [
          16.353056,
          54.404722
        ]
      },
      "properties": {
        "id": "EPDA",
        "name": "DARŁOWO",
        "icao": "EPDA",
        "type": "military"
      }
    },
    {
      "type": "Feature",
      "geometry": {
        "type": "Point",
        "coordinates": [
          17.256944,
          53.523889
        ]
      },
      "properties": {
        "id": "EPDB",
        "name": "DĘBRZNO",
        "icao": "EPDB",
        "type": "licensed"
      }
    },
    {
      "type": "Feature",
      "geometry": {
        "type": "Point",
        "coordinates": [
          21.891944,
          51.551111
        ]
      },
      "properties": {
        "id": "EPDE",
        "name": "DĘBLIN",
        "icao": "EPDE",
        "type": "military"
      }
    },
    {
      "type": "Feature",
      "geometry": {
        "type": "Point",
        "coordinates": [
          23.006944444444,
          51.6125
        ]
      },
      "properties": {
        "id": "EPDK",
        "name": "DĘBOWA KŁODA",
        "icao": "EPDK",
        "type": "licensed"
      }
    },
    {
      "type": "Feature",
      "geometry": {
        "type": "Point",
        "coordinates": [
          15.731111,
          53.4775
        ]
      },
      "properties": {
        "id": "EPDR",
        "name": "DRAWSKO POMORSKIE",
        "icao": "EPDR",
        "type": "other"
      }
    },
    {
      "type": "Feature",
      "geometry": {
        "type": "Point",
        "coordinates": [
          16.11498990562677,
          50.796240871196204
        ]
      },
      "properties": {
        "id": "EPDS",
        "name": "WITKÓW",
        "icao": "EPDS",
        "type": "licensed"
      }
    },
    {
      "type": "Feature",
      "geometry": {
        "type": "Point",
        "coordinates": [
          22.540833333333,
          53.807222222222
        ]
      },
      "properties": {
        "id": "EPEK",
        "name": "EŁK-MAKOSIEJE",
        "icao": "EPEK",
        "type": "licensed"
      }
    },
    {
      "type": "Feature",
      "geometry": {
        "type": "Point",
        "coordinates": [
          19.42335,
          54.140886
        ]
      },
      "properties": {
        "id": "EPEL",
        "name": "ELBLĄG",
        "icao": "EPEL",
        "type": "licensed"
      }
    },
    {
      "type": "Feature",
      "geometry": {
        "type": "Point",
        "coordinates": [
          17.768333333333,
          52.479444444444
        ]
      },
      "properties": {
        "id": "EPFP",
        "name": "FOLWARK-PIASKI",
        "icao": "EPFP",
        "type": "licensed"
      }
    },
    {
      "type": "Feature",
      "geometry": {
        "type": "Point",
        "coordinates": [
          18.469722222222224,
          54.376666666666665
        ]
      },
      "properties": {
        "id": "EPGD",
        "name": "GDAŃSK IM. LECHA WAŁESY",
        "icao": "EPGD",
        "type": "licensed"
      }
    },
    {
      "type": "Feature",
      "geometry": {
        "type": "Point",
        "coordinates": [
          22.402222222222,
          53.983333333333
        ]
      },
      "properties": {
        "id": "EPGE",
        "name": "GIŻE",
        "icao": "EPGE",
        "type": "licensed"
      }
    },
    {
      "type": "Feature",
      "geometry": {
        "type": "Point",
        "coordinates": [
          18.849325,
          53.524419
        ]
      },
      "properties": {
        "id": "EPGI",
        "name": "LISIE KĄTY",
        "icao": "EPGI",
        "type": "licensed"
      }
    },
    {
      "type": "Feature",
      "geometry": {
        "type": "Point",
        "coordinates": [
          18.672777777777778,
          50.26738888888889
        ]
      },
      "properties": {
        "id": "EPGL",
        "name": "GLIWICE",
        "icao": "EPGL",
        "type": "licensed"
      }
    },
    {
      "type": "Feature",
      "geometry": {
        "type": "Point",
        "coordinates": [
          21.821388888889,
          54.005555555556
        ]
      },
      "properties": {
        "id": "EPGM",
        "name": "GIŻYCKO-MAZURY RESIDENCE",
        "icao": "EPGM",
        "type": "licensed"
      }
    },
    {
      "type": "Feature",
      "geometry": {
        "type": "Point",
        "coordinates": [
          20.349203656547047,
          53.60821003728361
        ]
      },
      "properties": {
        "id": "EPGR",
        "name": "GRYŹLINY",
        "icao": "EPGR",
        "type": "licensed"
      }
    },
    {
      "type": "Feature",
      "geometry": {
        "type": "Point",
        "coordinates": [
          15.218055555556,
          52.692777777778
        ]
      },
      "properties": {
        "id": "EPGU",
        "name": "ULIM",
        "icao": "EPGU",
        "type": "licensed"
      }
    },
    {
      "type": "Feature",
      "geometry": {
        "type": "Point",
        "coordinates": [
          21.777636,
          52.836975
        ]
      },
      "properties": {
        "id": "EPGY",
        "name": "GRĄDY",
        "icao": "EPGY",
        "type": "licensed"
      }
    },
    {
      "type": "Feature",
      "geometry": {
        "type": "Point",
        "coordinates": [
          23.543055555556,
          52.907777777778
        ]
      },
      "properties": {
        "id": "EPHN",
        "name": "NAREW 2",
        "icao": "EPHN",
        "type": "licensed"
      }
    },
    {
      "type": "Feature",
      "geometry": {
        "type": "Point",
        "coordinates": [
          18.285789,
          52.806342
        ]
      },
      "properties": {
        "id": "EPIN",
        "name": "INOWROCŁAW",
        "icao": "EPIN",
        "type": "licensed"
      }
    },
    {
      "type": "Feature",
      "geometry": {
        "type": "Point",
        "coordinates": [
          18.330278,
          52.828333
        ]
      },
      "properties": {
        "id": "EPIR",
        "name": "INOWROCŁAW",
        "icao": "EPIR",
        "type": "military"
      }
    },
    {
      "type": "Feature",
      "geometry": {
        "type": "Point",
        "coordinates": [
          21.817411,
          49.657906
        ]
      },
      "properties": {
        "id": "EPIW",
        "name": "IWONICZ",
        "icao": "EPIW",
        "type": "other"
      }
    },
    {
      "type": "Feature",
      "geometry": {
        "type": "Point",
        "coordinates": [
          15.785508,
          50.898825
        ]
      },
      "properties": {
        "id": "EPJG",
        "name": "JELENIA GÓRA",
        "icao": "EPJG",
        "type": "licensed"
      }
    },
    {
      "type": "Feature",
      "geometry": {
        "type": "Point",
        "coordinates": [
          22.918333,
          50.008333
        ]
      },
      "properties": {
        "id": "EPJL",
        "name": "LASZKI",
        "icao": "EPJL",
        "type": "licensed"
      }
    },
    {
      "type": "Feature",
      "geometry": {
        "type": "Point",
        "coordinates": [
          15.766944444444,
          50.944166666667
        ]
      },
      "properties": {
        "id": "EPJS",
        "name": "JEŻÓW SUDECKI",
        "icao": "EPJS",
        "type": "licensed"
      }
    },
    {
      "type": "Feature",
      "geometry": {
        "type": "Point",
        "coordinates": [
          20.731561,
          50.896819
        ]
      },
      "properties": {
        "id": "EPKA",
        "name": "MASLOW K/KIELC",
        "icao": "EPKA",
        "type": "licensed"
      }
    },
    {
      "type": "Feature",
      "geometry": {
        "type": "Point",
        "coordinates": [
          18.166944444444,
          52.319166666667
        ]
      },
      "properties": {
        "id": "EPKB",
        "name": "KAZIMIERZ BISKUPI",
        "icao": "EPKB",
        "type": "licensed"
      }
    },
    {
      "type": "Feature",
      "geometry": {
        "type": "Point",
        "coordinates": [
          19.990833333333335,
          50.08421111111111
        ]
      },
      "properties": {
        "id": "EPKC",
        "name": "KRAKÓW-CZYŻYNY",
        "icao": "EPKC",
        "type": "licensed"
      }
    },
    {
      "type": "Feature",
      "geometry": {
        "type": "Point",
        "coordinates": [
          20.471111111111,
          51.255277777778
        ]
      },
      "properties": {
        "id": "EPKD",
        "name": "KOŃSKIE-KOMASZYCE",
        "icao": "EPKD",
        "type": "licensed"
      }
    },
    {
      "type": "Feature",
      "geometry": {
        "type": "Point",
        "coordinates": [
          21.426111111111,
          54.047222222222
        ]
      },
      "properties": {
        "id": "EPKE",
        "name": "KĘTRZYN",
        "icao": "EPKE",
        "type": "licensed"
      }
    },
    {
      "type": "Feature",
      "geometry": {
        "type": "Point",
        "coordinates": [
          15.684166666667,
          54.200277777778
        ]
      },
      "properties": {
        "id": "EPKG",
        "name": "BAGICZ",
        "icao": "EPKG",
        "type": "licensed"
      }
    },
    {
      "type": "Feature",
      "geometry": {
        "type": "Point",
        "coordinates": [
          16.279722222222,
          54.050277777778
        ]
      },
      "properties": {
        "id": "EPKH",
        "name": "KOSZALIN BAZA LPR",
        "icao": "EPKH",
        "type": "heliport"
      }
    },
    {
      "type": "Feature",
      "geometry": {
        "type": "Point",
        "coordinates": [
          20.877222222222,
          53.983055555556
        ]
      },
      "properties": {
        "id": "EPKI",
        "name": "KIKITY",
        "icao": "EPKI",
        "type": "licensed"
      }
    },
    {
      "type": "Feature",
      "geometry": {
        "type": "Point",
        "coordinates": [
          19.784722,
          50.077778
        ]
      },
      "properties": {
        "id": "EPKK",
        "name": "KRAKÓW/BALICE",
        "icao": "EPKK",
        "type": "licensed"
      }
    },
    {
      "type": "Feature",
      "geometry": {
        "type": "Point",
        "coordinates": [
          20.126667,
          50.899444
        ]
      },
      "properties": {
        "id": "EPKL",
        "name": "KRASOCIN",
        "icao": "EPKL",
        "type": "licensed"
      }
    },
    {
      "type": "Feature",
      "geometry": {
        "type": "Point",
        "coordinates": [
          19.033983,
          50.2383
        ]
      },
      "properties": {
        "id": "EPKM",
        "name": "KATOWICE MUCHOWIEC",
        "icao": "EPKM",
        "type": "licensed"
      }
    },
    {
      "type": "Feature",
      "geometry": {
        "type": "Point",
        "coordinates": [
          18.079762182648096,
          50.530444075988726
        ]
      },
      "properties": {
        "id": "EPKN",
        "name": "OPOLE KAMIEN SLA",
        "icao": "EPKN",
        "type": "licensed"
      }
    },
    {
      "type": "Feature",
      "geometry": {
        "type": "Point",
        "coordinates": [
          17.845277777778,
          54.129722222222
        ]
      },
      "properties": {
        "id": "EPKO",
        "name": "KORNE",
        "icao": "EPKO",
        "type": "licensed"
      }
    },
    {
      "type": "Feature",
      "geometry": {
        "type": "Point",
        "coordinates": [
          20.201666666666668,
          50.086444444444446
        ]
      },
      "properties": {
        "id": "EPKP",
        "name": "POBIEDNIK K/KRAKOWA",
        "icao": "EPKP",
        "type": "licensed"
      }
    },
    {
      "type": "Feature",
      "geometry": {
        "type": "Point",
        "coordinates": [
          21.736666666667,
          49.681111111111
        ]
      },
      "properties": {
        "id": "EPKR",
        "name": "KROSNO",
        "icao": "EPKR",
        "type": "licensed"
      }
    },
    {
      "type": "Feature",
      "geometry": {
        "type": "Point",
        "coordinates": [
          16.966667,
          52.331944
        ]
      },
      "properties": {
        "id": "EPKS",
        "name": "POZNAN/KRZESINY",
        "icao": "EPKS",
        "type": "military"
      }
    },
    {
      "type": "Feature",
      "geometry": {
        "type": "Point",
        "coordinates": [
          19.08,
          50.47602805555555
        ]
      },
      "properties": {
        "id": "EPKT",
        "name": "KATOWICE/PYRZOWICE",
        "icao": "EPKT",
        "type": "licensed"
      }
    },
    {
      "type": "Feature",
      "geometry": {
        "type": "Point",
        "coordinates": [
          21.003056,
          51.875278
        ]
      },
      "properties": {
        "id": "EPKU",
        "name": "KUKAŁY",
        "icao": "EPKU",
        "type": "licensed"
      }
    },
    {
      "type": "Feature",
      "geometry": {
        "type": "Point",
        "coordinates": [
          19.019444444444,
          49.941666666667
        ]
      },
      "properties": {
        "id": "EPKW",
        "name": "KANIÓW",
        "icao": "EPKW",
        "type": "licensed"
      }
    },
    {
      "type": "Feature",
      "geometry": {
        "type": "Point",
        "coordinates": [
          20.07027777777778,
          50.022777777777776
        ]
      },
      "properties": {
        "id": "EPKX",
        "name": "KRAKÓW BAZA LPR",
        "icao": "EPKX",
        "type": "heliport"
      }
    },
    {
      "type": "Feature",
      "geometry": {
        "type": "Point",
        "coordinates": [
          22.713611111111,
          51.240277777778
        ]
      },
      "properties": {
        "id": "EPLB",
        "name": "LUBLIN",
        "icao": "EPLB",
        "type": "licensed"
      }
    },
    {
      "type": "Feature",
      "geometry": {
        "type": "Point",
        "coordinates": [
          19.255,
          51.59
        ]
      },
      "properties": {
        "id": "EPLD",
        "name": "LDZAŃ",
        "icao": "EPLD",
        "type": "licensed"
      }
    },
    {
      "type": "Feature",
      "geometry": {
        "type": "Point",
        "coordinates": [
          18.499722222222,
          54.008055555556
        ]
      },
      "properties": {
        "id": "EPLI",
        "name": "LINOWIEC",
        "icao": "EPLI",
        "type": "licensed"
      }
    },
    {
      "type": "Feature",
      "geometry": {
        "type": "Point",
        "coordinates": [
          19.179167,
          51.551667
        ]
      },
      "properties": {
        "id": "EPLK",
        "name": "ŁASK",
        "icao": "EPLK",
        "type": "military"
      }
    },
    {
      "type": "Feature",
      "geometry": {
        "type": "Point",
        "coordinates": [
          19.38888888888889,
          51.719902777777776
        ]
      },
      "properties": {
        "id": "EPLL",
        "name": "ŁÓDŹ",
        "icao": "EPLL",
        "type": "licensed"
      }
    },
    {
      "type": "Feature",
      "geometry": {
        "type": "Point",
        "coordinates": [
          22.393888888889,
          51.223333333333
        ]
      },
      "properties": {
        "id": "EPLR",
        "name": "RADAWIEC K/LUBLINA",
        "icao": "EPLR",
        "type": "licensed"
      }
    },
    {
      "type": "Feature",
      "geometry": {
        "type": "Point",
        "coordinates": [
          16.52263888888889,
          51.833352222222224
        ]
      },
      "properties": {
        "id": "EPLS",
        "name": "LESZNO",
        "icao": "EPLS",
        "type": "licensed"
      }
    },
    {
      "type": "Feature",
      "geometry": {
        "type": "Point",
        "coordinates": [
          16.196158,
          51.423008
        ]
      },
      "properties": {
        "id": "EPLU",
        "name": "LUBIN",
        "icao": "EPLU",
        "type": "licensed"
      }
    },
    {
      "type": "Feature",
      "geometry": {
        "type": "Point",
        "coordinates": [
          19.143889,
          52.005
        ]
      },
      "properties": {
        "id": "EPLY",
        "name": "ŁĘCZYCA",
        "icao": "EPLY",
        "type": "military"
      }
    },
    {
      "type": "Feature",
      "geometry": {
        "type": "Point",
        "coordinates": [
          19.135556,
          54.026667
        ]
      },
      "properties": {
        "id": "EPMB",
        "name": "MALBORK",
        "icao": "EPMB",
        "type": "military"
      }
    },
    {
      "type": "Feature",
      "geometry": {
        "type": "Point",
        "coordinates": [
          21.318333,
          53.825
        ]
      },
      "properties": {
        "id": "EPMG",
        "name": "MRAGOWO",
        "icao": "EPMG",
        "type": "licensed"
      }
    },
    {
      "type": "Feature",
      "geometry": {
        "type": "Point",
        "coordinates": [
          16.082778,
          53.395
        ]
      },
      "properties": {
        "id": "EPMI",
        "name": "MIROSLAWIEC",
        "icao": "EPMI",
        "type": "military"
      }
    },
    {
      "type": "Feature",
      "geometry": {
        "type": "Point",
        "coordinates": [
          21.462131,
          50.322275
        ]
      },
      "properties": {
        "id": "EPML",
        "name": "MIELEC",
        "icao": "EPML",
        "type": "licensed"
      }
    },
    {
      "type": "Feature",
      "geometry": {
        "type": "Point",
        "coordinates": [
          21.655833,
          52.195556
        ]
      },
      "properties": {
        "id": "EPMM",
        "name": "MINSK MAZOWIECKI",
        "icao": "EPMM",
        "type": "military"
      }
    },
    {
      "type": "Feature",
      "geometry": {
        "type": "Point",
        "coordinates": [
          20.65189388888889,
          52.45122222222222
        ]
      },
      "properties": {
        "id": "EPMO",
        "name": "WARSZAWA/MODLIN",
        "icao": "EPMO",
        "type": "licensed"
      }
    },
    {
      "type": "Feature",
      "geometry": {
        "type": "Point",
        "coordinates": [
          16.770277777778,
          50.959166666667
        ]
      },
      "properties": {
        "id": "EPMR",
        "name": "MIROSLAWICE",
        "icao": "EPMR",
        "type": "licensed"
      }
    },
    {
      "type": "Feature",
      "geometry": {
        "type": "Point",
        "coordinates": [
          20.428611111111,
          52.666666666667
        ]
      },
      "properties": {
        "id": "EPMX",
        "name": "MILEWO",
        "icao": "EPMX",
        "type": "licensed"
      }
    },
    {
      "type": "Feature",
      "geometry": {
        "type": "Point",
        "coordinates": [
          15.03,
          52.941111111111
        ]
      },
      "properties": {
        "id": "EPMY",
        "name": "MYSLIBORZ-GIZYN",
        "icao": "EPMY",
        "type": "licensed"
      }
    },
    {
      "type": "Feature",
      "geometry": {
        "type": "Point",
        "coordinates": [
          20.871666666666666,
          52.57402777777778
        ]
      },
      "properties": {
        "id": "EPNC",
        "name": "CHRCYNNO",
        "icao": "EPNC",
        "type": "licensed"
      }
    },
    {
      "type": "Feature",
      "geometry": {
        "type": "Point",
        "coordinates": [
          19.420555555556,
          50.372777777778
        ]
      },
      "properties": {
        "id": "EPNI",
        "name": "NIEGOWONICZKI",
        "icao": "EPNI",
        "type": "licensed"
      }
    },
    {
      "type": "Feature",
      "geometry": {
        "type": "Point",
        "coordinates": [
          20.623333333333,
          49.745277777778
        ]
      },
      "properties": {
        "id": "EPNL",
        "name": "ŁOSOSINA DOLNA K/NOWEGO SĄCZA",
        "icao": "EPNL",
        "type": "licensed"
      }
    },
    {
      "type": "Feature",
      "geometry": {
        "type": "Point",
        "coordinates": [
          20.5375,
          51.6277777778
        ]
      },
      "properties": {
        "id": "EPNM",
        "name": "NOWE MIASTO",
        "icao": "EPNM",
        "type": "licensed"
      }
    },
    {
      "type": "Feature",
      "geometry": {
        "type": "Point",
        "coordinates": [
          20.050833333333,
          49.462777777778
        ]
      },
      "properties": {
        "id": "EPNT",
        "name": "NOWY TARG",
        "icao": "EPNT",
        "type": "licensed"
      }
    },
    {
      "type": "Feature",
      "geometry": {
        "type": "Point",
        "coordinates": [
          16.774444444444,
          52.666944444444
        ]
      },
      "properties": {
        "id": "EPOB",
        "name": "OBORNIKI",
        "icao": "EPOB",
        "type": "licensed"
      }
    },
    {
      "type": "Feature",
      "geometry": {
        "type": "Point",
        "coordinates": [
          20.413888888888888,
          53.773830833333335
        ]
      },
      "properties": {
        "id": "EPOD",
        "name": "DAJTKI K/OLSZTYNA",
        "icao": "EPOD",
        "type": "licensed"
      }
    },
    {
      "type": "Feature",
      "geometry": {
        "type": "Point",
        "coordinates": [
          18.517222,
          54.579722
        ]
      },
      "properties": {
        "id": "EPOK",
        "name": "OKSYWIE",
        "icao": "EPOK",
        "type": "military"
      }
    },
    {
      "type": "Feature",
      "geometry": {
        "type": "Point",
        "coordinates": [
          17.846808,
          51.702478
        ]
      },
      "properties": {
        "id": "EPOM",
        "name": "MICHALKOW K/OSTROWA WLKP.",
        "icao": "EPOM",
        "type": "licensed"
      }
    },
    {
      "type": "Feature",
      "geometry": {
        "type": "Point",
        "coordinates": [
          17.780555555555555,
          50.63227777777778
        ]
      },
      "properties": {
        "id": "EPOP",
        "name": "POLSKA NOWA WIES K/OPOLA",
        "icao": "EPOP",
        "type": "licensed"
      }
    },
    {
      "type": "Feature",
      "geometry": {
        "type": "Point",
        "coordinates": [
          18.023611111111,
          50.244722222222
        ]
      },
      "properties": {
        "id": "EPPA",
        "name": "PAWLOWICZKI",
        "icao": "EPPA",
        "type": "licensed"
      }
    },
    {
      "type": "Feature",
      "geometry": {
        "type": "Point",
        "coordinates": [
          17.217213593157794,
          52.534613277989166
        ]
      },
      "properties": {
        "id": "EPPB",
        "name": "POZNAN/BEDNARY",
        "icao": "EPPB",
        "type": "licensed"
      }
    },
    {
      "type": "Feature",
      "geometry": {
        "type": "Point",
        "coordinates": [
          18.339444444444,
          54.215555555556
        ]
      },
      "properties": {
        "id": "EPPD",
        "name": "PRZYWIDZ-KATARYNKI",
        "icao": "EPPD",
        "type": "licensed"
      }
    },
    {
      "type": "Feature",
      "geometry": {
        "type": "Point",
        "coordinates": [
          16.241111111111,
          52.235
        ]
      },
      "properties": {
        "id": "EPPG",
        "name": "KĄKOLEWO",
        "icao": "EPPG",
        "type": "licensed"
      }
    },
    {
      "type": "Feature",
      "geometry": {
        "type": "Point",
        "coordinates": [
          16.710555555556,
          53.169722222222
        ]
      },
      "properties": {
        "id": "EPPI",
        "name": "PILA",
        "icao": "EPPI",
        "type": "licensed"
      }
    },
    {
      "type": "Feature",
      "geometry": {
        "type": "Point",
        "coordinates": [
          17.044166666666666,
          52.434441666666665
        ]
      },
      "properties": {
        "id": "EPPK",
        "name": "POZNAN/KOBYLNICA",
        "icao": "EPPK",
        "type": "licensed"
      }
    },
    {
      "type": "Feature",
      "geometry": {
        "type": "Point",
        "coordinates": [
          19.719722222222,
          52.561944444444
        ]
      },
      "properties": {
        "id": "EPPL",
        "name": "PLOCK",
        "icao": "EPPL",
        "type": "licensed"
      }
    },
    {
      "type": "Feature",
      "geometry": {
        "type": "Point",
        "coordinates": [
          20.42,
          52.723611
        ]
      },
      "properties": {
        "id": "EPPN",
        "name": "PLONSK-KEPA",
        "icao": "EPPN",
        "type": "licensed"
      }
    },
    {
      "type": "Feature",
      "geometry": {
        "type": "Point",
        "coordinates": [
          16.826389,
          52.421111
        ]
      },
      "properties": {
        "id": "EPPO",
        "name": "POZNAN/LAWICA",
        "icao": "EPPO",
        "type": "licensed"
      }
    },
    {
      "type": "Feature",
      "geometry": {
        "type": "Point",
        "coordinates": [
          18.671111,
          54.248056
        ]
      },
      "properties": {
        "id": "EPPR",
        "name": "PRUSZCZ GDANSKI",
        "icao": "EPPR",
        "type": "military"
      }
    },
    {
      "type": "Feature",
      "geometry": {
        "type": "Point",
        "coordinates": [
          16.881944444444,
          53.145
        ]
      },
      "properties": {
        "id": "EPPS",
        "name": "SMILOWO",
        "icao": "EPPS",
        "type": "licensed"
      }
    },
    {
      "type": "Feature",
      "geometry": {
        "type": "Point",
        "coordinates": [
          19.688611111111,
          51.3825
        ]
      },
      "properties": {
        "id": "EPPT",
        "name": "PIOTRKOW TRYBUNALSKI",
        "icao": "EPPT",
        "type": "licensed"
      }
    },
    {
      "type": "Feature",
      "geometry": {
        "type": "Point",
        "coordinates": [
          17.852221944444445,
          52.37902777777778
        ]
      },
      "properties": {
        "id": "EPPW",
        "name": "POWIDZ",
        "icao": "EPPW",
        "type": "military"
      }
    },
    {
      "type": "Feature",
      "geometry": {
        "type": "Point",
        "coordinates": [
          20.933333333333,
          53.01
        ]
      },
      "properties": {
        "id": "EPPZ",
        "name": "PRZASNYSZ",
        "icao": "EPPZ",
        "type": "licensed"
      }
    },
    {
      "type": "Feature",
      "geometry": {
        "type": "Point",
        "coordinates": [
          21.211667,
          51.388889
        ]
      },
      "properties": {
        "id": "EPRA",
        "name": "WARSZAWA-RADOM",
        "icao": "EPRA",
        "type": "licensed"
      }
    },
    {
      "type": "Feature",
      "geometry": {
        "type": "Point",
        "coordinates": [
          21.59861,
          54.13361
        ]
      },
      "properties": {
        "id": "EPRD",
        "name": "MAZURY AIR CAMP",
        "icao": "EPRD",
        "type": "licensed"
      }
    },
    {
      "type": "Feature",
      "geometry": {
        "type": "Point",
        "coordinates": [
          18.628888888889,
          50.070555555556
        ]
      },
      "properties": {
        "id": "EPRG",
        "name": "GOTARTOWICE K/RYBNIKA",
        "icao": "EPRG",
        "type": "licensed"
      }
    },
    {
      "type": "Feature",
      "geometry": {
        "type": "Point",
        "coordinates": [
          22.046944444444,
          50.104166666667
        ]
      },
      "properties": {
        "id": "EPRJ",
        "name": "RZESZOW",
        "icao": "EPRJ",
        "type": "licensed"
      }
    },
    {
      "type": "Feature",
      "geometry": {
        "type": "Point",
        "coordinates": [
          21.110033,
          51.479011
        ]
      },
      "properties": {
        "id": "EPRP",
        "name": "PIASTOW K/RADOMIA",
        "icao": "EPRP",
        "type": "licensed"
      }
    },
    {
      "type": "Feature",
      "geometry": {
        "type": "Point",
        "coordinates": [
          20.12653,
          52.24228
        ]
      },
      "properties": {
        "id": "EPRS",
        "name": "SOCHACZEW-RYBNO",
        "icao": "EPRS",
        "type": "licensed"
      }
    },
    {
      "type": "Feature",
      "geometry": {
        "type": "Point",
        "coordinates": [
          19.203055555556,
          50.884722222222
        ]
      },
      "properties": {
        "id": "EPRU",
        "name": "RUDNIKI K/CZESTOCHOWY",
        "icao": "EPRU",
        "type": "licensed"
      }
    },
    {
      "type": "Feature",
      "geometry": {
        "type": "Point",
        "coordinates": [
          22.0225,
          50.11
        ]
      },
      "properties": {
        "id": "EPRZ",
        "name": "RZESZOW/JASIONKA",
        "icao": "EPRZ",
        "type": "licensed"
      }
    },
    {
      "type": "Feature",
      "geometry": {
        "type": "Point",
        "coordinates": [
          22.202222222222,
          49.575833333333
        ]
      },
      "properties": {
        "id": "EPSA",
        "name": "SANOK-BAZA",
        "icao": "EPSA",
        "type": "heliport"
      }
    },
    {
      "type": "Feature",
      "geometry": {
        "type": "Point",
        "coordinates": [
          14.902222,
          53.584722
        ]
      },
      "properties": {
        "id": "EPSC",
        "name": "SZCZECIN/GOLENIOW",
        "icao": "EPSC",
        "type": "licensed"
      }
    },
    {
      "type": "Feature",
      "geometry": {
        "type": "Point",
        "coordinates": [
          14.632222222222,
          53.390833333333
        ]
      },
      "properties": {
        "id": "EPSD",
        "name": "SZCZECIN DABIE",
        "icao": "EPSD",
        "type": "licensed"
      }
    },
    {
      "type": "Feature",
      "geometry": {
        "type": "Point",
        "coordinates": [
          18.801389,
          51.535556
        ]
      },
      "properties": {
        "id": "EPSI",
        "name": "SIERADZ",
        "icao": "EPSI",
        "type": "licensed"
      }
    },
    {
      "type": "Feature",
      "geometry": {
        "type": "Point",
        "coordinates": [
          21.3525,
          51.952666666666666
        ]
      },
      "properties": {
        "id": "EPSJ",
        "name": "SOBIENIE",
        "icao": "EPSJ",
        "type": "licensed"
      }
    },
    {
      "type": "Feature",
      "geometry": {
        "type": "Point",
        "coordinates": [
          17.094166666667,
          54.409444444444
        ]
      },
      "properties": {
        "id": "EPSK",
        "name": "KRĘPA K/SLUPSKA",
        "icao": "EPSK",
        "type": "licensed"
      }
    },
    {
      "type": "Feature",
      "geometry": {
        "type": "Point",
        "coordinates": [
          22.690277777778,
          51.231944444444
        ]
      },
      "properties": {
        "id": "EPSL",
        "name": "LĄDOWISKO ŚWIDNIK",
        "icao": "EPSL",
        "type": "licensed"
      }
    },
    {
      "type": "Feature",
      "geometry": {
        "type": "Point",
        "coordinates": [
          15.826389,
          53.790556
        ]
      },
      "properties": {
        "id": "EPSN",
        "name": "SWIDWIN",
        "icao": "EPSN",
        "type": "military"
      }
    },
    {
      "type": "Feature",
      "geometry": {
        "type": "Point",
        "coordinates": [
          16.154780555555554,
          52.60834888888889
        ]
      },
      "properties": {
        "id": "EPSP",
        "name": "SIERAKÓW-LUTOMEK",
        "icao": "EPSP",
        "type": "licensed"
      }
    },
    {
      "type": "Feature",
      "geometry": {
        "type": "Point",
        "coordinates": [
          16.582238633609222,
          50.817154695065625
        ]
      },
      "properties": {
        "id": "EPSS",
        "name": "ŚWIDNICA - KRZCZONÓW",
        "icao": "EPSS",
        "type": "licensed"
      }
    },
    {
      "type": "Feature",
      "geometry": {
        "type": "Point",
        "coordinates": [
          21.998888888889,
          50.626388888889
        ]
      },
      "properties": {
        "id": "EPST",
        "name": "TURBIA K/STALOWEJ WOLI",
        "icao": "EPST",
        "type": "licensed"
      }
    },
    {
      "type": "Feature",
      "geometry": {
        "type": "Point",
        "coordinates": [
          22.893611111111,
          54.074166666667
        ]
      },
      "properties": {
        "id": "EPSU",
        "name": "SUWALKI",
        "icao": "EPSU",
        "type": "licensed"
      }
    },
    {
      "type": "Feature",
      "geometry": {
        "type": "Point",
        "coordinates": [
          22.696666666667,
          51.231111111111
        ]
      },
      "properties": {
        "id": "EPSW",
        "name": "SWIDNIK",
        "icao": "EPSW",
        "type": "heliport"
      }
    },
    {
      "type": "Feature",
      "geometry": {
        "type": "Point",
        "coordinates": [
          21.273055555556,
          53.576111111111
        ]
      },
      "properties": {
        "id": "EPSX",
        "name": "SADY KOLONIA",
        "icao": "EPSX",
        "type": "licensed"
      }
    },
    {
      "type": "Feature",
      "geometry": {
        "type": "Point",
        "coordinates": [
          20.937692,
          53.481858
        ]
      },
      "properties": {
        "id": "EPSY",
        "name": "OLSZTYN-MAZURY",
        "icao": "EPSY",
        "type": "licensed"
      }
    },
    {
      "type": "Feature",
      "geometry": {
        "type": "Point",
        "coordinates": [
          20.097222,
          51.584444
        ]
      },
      "properties": {
        "id": "EPTM",
        "name": "TOMASZOW MAZOWIECKI",
        "icao": "EPTM",
        "type": "military"
      }
    },
    {
      "type": "Feature",
      "geometry": {
        "type": "Point",
        "coordinates": [
          15.7975,
          52.799722222222
        ]
      },
      "properties": {
        "id": "EPTN",
        "name": "TRZEBICZ NOWY",
        "icao": "EPTN",
        "type": "licensed"
      }
    },
    {
      "type": "Feature",
      "geometry": {
        "type": "Point",
        "coordinates": [
          18.545833333333,
          53.029166666667
        ]
      },
      "properties": {
        "id": "EPTO",
        "name": "TORUN",
        "icao": "EPTO",
        "type": "licensed"
      }
    },
    {
      "type": "Feature",
      "geometry": {
        "type": "Point",
        "coordinates": [
          22.09507,
          51.6161
        ]
      },
      "properties": {
        "id": "EPUL",
        "name": "HORIZON AIR UŁĘŻ",
        "icao": "EPUL",
        "type": "heliport"
      }
    },
    {
      "type": "Feature",
      "geometry": {
        "type": "Point",
        "coordinates": [
          15.81206326403995,
          54.06497371933125
        ]
      },
      "properties": {
        "id": "EPVK",
        "name": "KARLINO",
        "icao": "EPVK",
        "type": "licensed"
      }
    },
    {
      "type": "Feature",
      "geometry": {
        "type": "Point",
        "coordinates": [
          16.723781277878487,
          53.594569421934665
        ]
      },
      "properties": {
        "id": "EPVL",
        "name": "WILCZE LASKI",
        "icao": "EPVL",
        "type": "licensed"
      }
    },
    {
      "type": "Feature",
      "geometry": {
        "type": "Point",
        "coordinates": [
          20.967222,
          52.165833
        ]
      },
      "properties": {
        "id": "EPWA",
        "name": "LOTNISKO CHOPINA W WARSZAWIE",
        "icao": "EPWA",
        "type": "licensed"
      }
    },
    {
      "type": "Feature",
      "geometry": {
        "type": "Point",
        "coordinates": [
          16.318888888889,
          50.882222222222
        ]
      },
      "properties": {
        "id": "EPWC",
        "name": "SWIEBODZICE",
        "icao": "EPWC",
        "type": "licensed"
      }
    },
    {
      "type": "Feature",
      "geometry": {
        "type": "Point",
        "coordinates": [
          16.618056,
          54.553611
        ]
      },
      "properties": {
        "id": "EPWI",
        "name": "WICKO MORSKIE",
        "icao": "EPWI",
        "type": "other"
      }
    },
    {
      "type": "Feature",
      "geometry": {
        "type": "Point",
        "coordinates": [
          22.263888888889,
          52.080555555556
        ]
      },
      "properties": {
        "id": "EPWJ",
        "name": "WISNIEW",
        "icao": "EPWJ",
        "type": "licensed"
      }
    },
    {
      "type": "Feature",
      "geometry": {
        "type": "Point",
        "coordinates": [
          19.0125,
          52.58461694444444
        ]
      },
      "properties": {
        "id": "EPWK",
        "name": "KRUSZYN K/WOCŁAWKA",
        "icao": "EPWK",
        "type": "licensed"
      }
    },
    {
      "type": "Feature",
      "geometry": {
        "type": "Point",
        "coordinates": [
          16.885833,
          51.102778
        ]
      },
      "properties": {
        "id": "EPWR",
        "name": "WROCLAW/STRACHOWICE",
        "icao": "EPWR",
        "type": "licensed"
      }
    },
    {
      "type": "Feature",
      "geometry": {
        "type": "Point",
        "coordinates": [
          16.997960544236463,
          51.20699560125885
        ]
      },
      "properties": {
        "id": "EPWS",
        "name": "SZYMANOW",
        "icao": "EPWS",
        "type": "licensed"
      }
    },
    {
      "type": "Feature",
      "geometry": {
        "type": "Point",
        "coordinates": [
          18.414242,
          53.298567
        ]
      },
      "properties": {
        "id": "EPWT",
        "name": "WATOROWO",
        "icao": "EPWT",
        "type": "licensed"
      }
    },
    {
      "type": "Feature",
      "geometry": {
        "type": "Point",
        "coordinates": [
          23.204722222222,
          50.700833333333
        ]
      },
      "properties": {
        "id": "EPZA",
        "name": "ZAMOSC",
        "icao": "EPZA",
        "type": "licensed"
      }
    },
    {
      "type": "Feature",
      "geometry": {
        "type": "Point",
        "coordinates": [
          16.63842338866118,
          52.361934452362476
        ]
      },
      "properties": {
        "id": "EPZB",
        "name": "ZBOROWO",
        "icao": "EPZB",
        "type": "licensed"
      }
    },
    {
      "type": "Feature",
      "geometry": {
        "type": "Point",
        "coordinates": [
          17.040833,
          52.3225
        ]
      },
      "properties": {
        "id": "EPZE",
        "name": "ZERNIKI",
        "icao": "EPZE",
        "type": "licensed"
      }
    },
    {
      "type": "Feature",
      "geometry": {
        "type": "Point",
        "coordinates": [
          15.798611,
          52.138611
        ]
      },
      "properties": {
        "id": "EPZG",
        "name": "ZIELONA GORA/BABIMOST",
        "icao": "EPZG",
        "type": "licensed"
      }
    },
    {
      "type": "Feature",
      "geometry": {
        "type": "Point",
        "coordinates": [
          18.822222222222,
          51.360833333333
        ]
      },
      "properties": {
        "id": "EPZK",
        "name": "ZLOCZEW-KONOPNICA",
        "icao": "EPZK",
        "type": "licensed"
      }
    },
    {
      "type": "Feature",
      "geometry": {
        "type": "Point",
        "coordinates": [
          20.070277777778,
          52.635555555556
        ]
      },
      "properties": {
        "id": "EPZL",
        "name": "ZDZIAR-LOPATKI",
        "icao": "EPZL",
        "type": "licensed"
      }
    },
    {
      "type": "Feature",
      "geometry": {
        "type": "Point",
        "coordinates": [
          15.464166666667,
          51.979722222222
        ]
      },
      "properties": {
        "id": "EPZP",
        "name": "PRZYLEP K/ZIELONEJ GÓRY",
        "icao": "EPZP",
        "type": "licensed"
      }
    },
    {
      "type": "Feature",
      "geometry": {
        "type": "Point",
        "coordinates": [
          19.218519897802167,
          49.77113670083912
        ]
      },
      "properties": {
        "id": "EPZR",
        "name": "ZAR K/ZYWCA",
        "icao": "EPZR",
        "type": "licensed"
      }
    },
    {
      "type": "Feature",
      "geometry": {
        "type": "Point",
        "coordinates": [
          19.402777777778,
          49.96
        ]
      },
      "properties": {
        "id": "EPZT",
        "name": "ZATOR",
        "icao": "EPZT",
        "type": "licensed"
      }
    },
    {
      "type": "Feature",
      "geometry": {
        "type": "Point",
        "coordinates": [
          22.537777777778,
          54.278055555556
        ]
      },
      "properties": {
        "id": "EPZW",
        "name": "ZAWISZYN",
        "icao": "EPZW",
        "type": "licensed"
      }
    }
  ]
}
